Nodes,Samples,Deg,Graph,Rep,Algo,F1,Prec,Rec,SHD,Actual_CIT,Cond_CIT,Requests,Time_Total
100,1000,2,er,0,Standard PC,0.9484536082474226,0.9787234042553191,0.92,10.0,8298,3348,14292,1.1989364624023438
100,1000,2,er,0,DF-PC (Pure),0.9484536082474226,0.9787234042553191,0.92,10.0,6359,1409,14324,1.0871894359588623
100,1000,2,er,1,Standard PC,0.9197860962566845,0.9885057471264368,0.86,15.0,9227,4277,16015,1.3173105716705322
100,1000,2,er,1,DF-PC (Pure),0.9206349206349206,0.9775280898876404,0.87,15.0,7503,2553,16060,1.0237326622009277
100,1000,2,er,2,Standard PC,0.8555555555555556,0.9625,0.77,26.0,7920,2970,14189,1.188058614730835
100,1000,2,er,2,DF-PC (Pure),0.8681318681318682,0.9634146341463414,0.79,24.0,6603,1653,14270,1.0918464660644531
100,1000,2,er,3,Standard PC,0.9304812834224598,1.0,0.87,13.0,10567,5617,18244,1.49112868309021
100,1000,2,er,3,DF-PC (Pure),0.9304812834224598,1.0,0.87,13.0,8265,3315,18360,1.312065839767456
100,1000,2,er,4,Standard PC,0.9326424870466321,0.967741935483871,0.9,13.0,9782,4832,16781,1.1671671867370605
100,1000,2,er,4,DF-PC (Pure),0.9230769230769231,0.9473684210526315,0.9,15.0,7750,2800,16858,1.214421033859253
100,1000,2,er,5,Standard PC,0.925531914893617,0.9886363636363636,0.87,14.0,8873,3923,15899,1.2495007514953613
100,1000,2,er,5,DF-PC (Pure),0.9270833333333334,0.967391304347826,0.89,14.0,7373,2423,15956,1.104156732559204
100,1000,2,er,6,Standard PC,0.9743589743589743,1.0,0.95,5.0,9579,4629,16520,1.2411422729492188
100,1000,2,er,6,DF-PC (Pure),0.9693877551020408,0.9895833333333334,0.95,6.0,7762,2812,16592,1.3379578590393066
100,1000,2,er,7,Standard PC,0.9417989417989417,1.0,0.89,11.0,8691,3741,14919,1.0750057697296143
100,1000,2,er,7,DF-PC (Pure),0.9270833333333334,0.967391304347826,0.89,14.0,6793,1843,15031,0.9017148017883301
100,1000,2,er,8,Standard PC,0.9361702127659575,1.0,0.88,12.0,9809,4859,16513,1.0809738636016846
100,1000,2,er,8,DF-PC (Pure),0.9361702127659575,1.0,0.88,12.0,7486,2536,16536,0.9645218849182129
100,1000,2,er,9,Standard PC,0.9304812834224598,1.0,0.87,13.0,8425,3475,14774,0.9079020023345947
100,1000,2,er,9,DF-PC (Pure),0.9214659685863875,0.967032967032967,0.88,15.0,6885,1935,14882,1.0766923427581787
100,1000,2,er,10,Standard PC,0.9637305699481865,1.0,0.93,7.0,7695,2745,13600,1.0055878162384033
100,1000,2,er,10,DF-PC (Pure),0.9494949494949495,0.9591836734693877,0.94,10.0,6319,1369,13717,0.8637852668762207
100,1000,2,er,11,Standard PC,0.9746192893401014,0.9896907216494846,0.96,5.0,8522,3572,14560,1.2851612567901611
100,1000,2,er,11,DF-PC (Pure),0.964824120603015,0.9696969696969697,0.96,7.0,6392,1442,14596,1.0049686431884766
100,1000,2,er,12,Standard PC,0.9424083769633509,0.989010989010989,0.9,11.0,8760,3810,15050,0.9906570911407471
100,1000,2,er,12,DF-PC (Pure),0.9484536082474226,0.9787234042553191,0.92,10.0,6792,1842,15101,0.8732664585113525
100,1000,2,er,13,Standard PC,0.9278350515463918,0.9574468085106383,0.9,14.0,8060,3110,14088,0.8698446750640869
100,1000,2,er,13,DF-PC (Pure),0.9183673469387755,0.9375,0.9,16.0,6373,1423,14202,0.7940995693206787
100,1000,2,er,14,Standard PC,0.9587628865979382,0.9893617021276596,0.93,8.0,8432,3482,14392,0.8957226276397705
100,1000,2,er,14,DF-PC (Pure),0.9489795918367346,0.96875,0.93,10.0,6539,1589,14422,0.8547778129577637
100,1000,2,er,15,Standard PC,0.9479166666666667,0.9891304347826086,0.91,10.0,9726,4776,16284,1.2906155586242676
100,1000,2,er,15,DF-PC (Pure),0.9435897435897437,0.968421052631579,0.92,11.0,7076,2126,16376,1.1816773414611816
100,1000,2,er,16,Standard PC,0.9304812834224598,1.0,0.87,13.0,9399,4449,15998,1.0885751247406006
100,1000,2,er,16,DF-PC (Pure),0.9128205128205129,0.9368421052631579,0.89,17.0,7390,2440,16318,1.0253627300262451
100,1000,2,er,17,Standard PC,0.9479166666666667,0.9891304347826086,0.91,10.0,9858,4908,16248,1.305671215057373
100,1000,2,er,17,DF-PC (Pure),0.9381443298969071,0.9680851063829787,0.91,12.0,7332,2382,16353,1.244678258895874
100,1000,2,er,18,Standard PC,0.9139784946236558,0.9883720930232558,0.85,16.0,10450,5500,17877,1.131885051727295
100,1000,2,er,18,DF-PC (Pure),0.8994708994708994,0.9550561797752809,0.85,19.0,8319,3369,17915,1.1139366626739502
100,1000,2,er,19,Standard PC,0.9479166666666667,0.9891304347826086,0.91,10.0,9521,4571,16101,1.289851427078247
100,1000,2,er,19,DF-PC (Pure),0.9435897435897437,0.968421052631579,0.92,11.0,7259,2309,16227,1.1059584617614746
100,1000,2,er,20,Standard PC,0.9583333333333334,1.0,0.92,8.0,8188,3238,14291,1.1067259311676025
100,1000,2,er,20,DF-PC (Pure),0.9637305699481865,1.0,0.93,7.0,6617,1667,14333,0.9955546855926514
100,1000,2,er,21,Standard PC,0.9197860962566845,0.9885057471264368,0.86,15.0,8974,4024,15428,1.1514732837677002
100,1000,2,er,21,DF-PC (Pure),0.9206349206349206,0.9775280898876404,0.87,15.0,7075,2125,15467,1.0348231792449951
100,1000,2,er,22,Standard PC,0.9206349206349206,0.9775280898876404,0.87,15.0,12943,7993,21303,2.0441701412200928
100,1000,2,er,22,DF-PC (Pure),0.9263157894736842,0.9777777777777777,0.88,14.0,9705,4755,21325,1.9716832637786865
100,1000,2,er,23,Standard PC,0.9375,0.9782608695652174,0.9,12.0,9196,4246,15688,1.4277198314666748
100,1000,2,er,23,DF-PC (Pure),0.9285714285714285,0.9479166666666666,0.91,14.0,7980,3030,16457,1.6674978733062744
100,1000,2,er,24,Standard PC,0.9583333333333334,1.0,0.92,8.0,9500,4550,16391,1.0177652835845947
100,1000,2,er,24,DF-PC (Pure),0.9538461538461539,0.9789473684210527,0.93,9.0,7490,2540,16567,1.0776088237762451
100,1000,2,er,25,Standard PC,0.9743589743589743,1.0,0.95,5.0,9764,4814,17158,1.175931453704834
100,1000,2,er,25,DF-PC (Pure),0.9693877551020408,0.9895833333333334,0.95,6.0,8004,3054,17258,1.2015438079833984
100,1000,2,er,26,Standard PC,0.9010989010989011,1.0,0.82,18.0,9148,4198,15695,1.245328664779663
100,1000,2,er,26,DF-PC (Pure),0.9081081081081082,0.9882352941176471,0.84,17.0,7343,2393,15781,1.0699424743652344
100,1000,2,er,27,Standard PC,0.9847715736040609,1.0,0.97,3.0,10134,5184,16945,1.1118009090423584
100,1000,2,er,27,DF-PC (Pure),0.9748743718592964,0.9797979797979798,0.97,5.0,7877,2927,17028,1.125192642211914
100,1000,2,er,28,Standard PC,0.9690721649484536,1.0,0.94,6.0,7587,2637,13330,0.9610354900360107
100,1000,2,er,28,DF-PC (Pure),0.9696969696969697,0.9795918367346939,0.96,6.0,6110,1160,13401,0.9299716949462891
100,1000,2,er,29,Standard PC,0.9473684210526316,1.0,0.9,10.0,9360,4410,16103,1.182983636856079
100,1000,2,er,29,DF-PC (Pure),0.9473684210526316,1.0,0.9,10.0,7290,2340,16200,1.0554842948913574
100,1000,2,sf,0,Standard PC,0.8333333333333333,0.9848484848484849,0.7222222222222222,26.0,7735,2785,13105,0.9849770069122314
100,1000,2,sf,0,DF-PC (Pure),0.8220858895705521,0.9178082191780822,0.7444444444444445,29.0,5798,848,13698,0.9326634407043457
100,1000,2,sf,1,Standard PC,0.9056603773584905,0.9863013698630136,0.8372093023255814,15.0,7126,2176,12362,0.8721928596496582
100,1000,2,sf,1,DF-PC (Pure),0.8957055214723927,0.948051948051948,0.8488372093023255,17.0,5949,999,13697,0.7901327610015869
100,1000,2,sf,2,Standard PC,0.9105691056910568,0.9824561403508771,0.8484848484848485,11.0,10394,5444,15468,1.431283712387085
100,1000,2,sf,2,DF-PC (Pure),0.888888888888889,0.9333333333333333,0.8484848484848485,14.0,5105,155,15482,0.8620641231536865
100,1000,2,sf,3,Standard PC,0.8941176470588236,0.987012987012987,0.8172043010752689,18.0,10114,5164,15396,1.3505587577819824
100,1000,2,sf,3,DF-PC (Pure),0.9017341040462428,0.975,0.8387096774193549,17.0,5367,417,15797,0.9310016632080078
100,1000,2,sf,4,Standard PC,0.8263473053892215,1.0,0.7040816326530612,29.0,7466,2516,12935,1.12321138381958
100,1000,2,sf,4,DF-PC (Pure),0.8342857142857143,0.948051948051948,0.7448979591836735,29.0,5750,800,13609,0.7382113933563232
100,1000,2,sf,5,Standard PC,0.8903225806451612,1.0,0.8023255813953488,17.0,14062,9112,19289,2.484585762023926
100,1000,2,sf,5,DF-PC (Pure),0.8875000000000001,0.9594594594594594,0.8255813953488372,18.0,6197,1247,19515,2.047881603240967
100,1000,2,sf,6,Standard PC,0.8662420382165604,1.0,0.7640449438202247,21.0,6179,1229,11414,0.8148958683013916
100,1000,2,sf,6,DF-PC (Pure),0.8695652173913043,0.9722222222222222,0.7865168539325843,21.0,5348,398,11568,0.8080959320068359
100,1000,2,sf,7,Standard PC,0.8421052631578948,1.0,0.7272727272727273,24.0,6914,1964,12309,0.8094344139099121
100,1000,2,sf,7,DF-PC (Pure),0.8250000000000001,0.9166666666666666,0.75,28.0,5869,919,13111,0.8968608379364014
100,1000,2,sf,8,Standard PC,0.8452380952380951,1.0,0.7319587628865979,26.0,6569,1619,11995,0.7281146049499512
100,1000,2,sf,8,DF-PC (Pure),0.8604651162790696,0.9866666666666667,0.7628865979381443,24.0,5611,661,12259,0.7546515464782715
100,1000,2,sf,9,Standard PC,0.8382352941176471,0.9827586206896551,0.7307692307692307,22.0,6160,1210,11436,0.7911534309387207
100,1000,2,sf,9,DF-PC (Pure),0.8467153284671532,0.9830508474576272,0.7435897435897436,21.0,5373,423,11535,0.7229738235473633
100,1000,2,sf,10,Standard PC,0.8333333333333333,0.9859154929577465,0.7216494845360825,28.0,7985,3035,13514,0.9386031627655029
100,1000,2,sf,10,DF-PC (Pure),0.8372093023255813,0.96,0.7422680412371134,28.0,6188,1238,14178,0.8342602252960205
100,1000,2,sf,11,Standard PC,0.9390243902439025,1.0,0.8850574712643678,10.0,6865,1915,12092,1.267914056777954
100,1000,2,sf,11,DF-PC (Pure),0.9349112426035503,0.9634146341463414,0.9080459770114943,11.0,5629,679,12362,1.223228931427002
100,1000,2,sf,12,Standard PC,0.7848101265822786,0.9841269841269841,0.6526315789473685,34.0,7084,2134,12467,0.8811407089233398
100,1000,2,sf,12,DF-PC (Pure),0.8313253012048194,0.971830985915493,0.7263157894736842,28.0,5661,711,14894,1.0890984535217285
100,1000,2,sf,13,Standard PC,0.8700564971751413,0.9871794871794872,0.7777777777777778,23.0,16761,11811,22094,2.322845697402954
100,1000,2,sf,13,DF-PC (Pure),0.8852459016393442,0.9642857142857143,0.8181818181818182,21.0,5932,982,24120,2.2727925777435303
100,1000,2,sf,14,Standard PC,0.8947368421052632,1.0,0.8095238095238095,16.0,14487,9537,19751,1.9452180862426758
100,1000,2,sf,14,DF-PC (Pure),0.9,0.9473684210526315,0.8571428571428571,16.0,5983,1033,23893,1.5378336906433105
100,1000,2,sf,15,Standard PC,0.9500000000000001,1.0,0.9047619047619048,8.0,8258,3308,13349,1.0029816627502441
100,1000,2,sf,15,DF-PC (Pure),0.9759036144578312,0.9878048780487805,0.9642857142857143,4.0,5153,203,17917,0.9210524559020996
100,1000,2,sf,16,Standard PC,0.8741721854304635,0.9705882352941176,0.7951807228915663,19.0,9132,4182,14336,1.3683571815490723
100,1000,2,sf,16,DF-PC (Pure),0.8789808917197452,0.9324324324324325,0.8313253012048193,19.0,5412,462,17496,1.24284029006958
100,1000,2,sf,17,Standard PC,0.8552631578947368,0.9701492537313433,0.7647058823529411,22.0,11411,6461,16835,1.3802006244659424
100,1000,2,sf,17,DF-PC (Pure),0.8589743589743589,0.9436619718309859,0.788235294117647,22.0,6212,1262,23253,2.708214282989502
100,1000,2,sf,18,Standard PC,0.975609756097561,1.0,0.9523809523809523,4.0,9175,4225,14295,1.196866750717163
100,1000,2,sf,18,DF-PC (Pure),0.9647058823529412,0.9534883720930233,0.9761904761904762,6.0,5763,813,18402,1.5502817630767822
100,1000,2,sf,19,Standard PC,0.9559748427672956,0.9620253164556962,0.95,7.0,13664,8714,18769,2.3515143394470215
100,1000,2,sf,19,DF-PC (Pure),0.9500000000000001,0.95,0.95,8.0,5266,316,18770,1.4611554145812988
100,1000,2,sf,20,Standard PC,0.7973856209150326,1.0,0.6630434782608695,31.0,7224,2274,12720,1.0827305316925049
100,1000,2,sf,20,DF-PC (Pure),0.8074534161490684,0.9420289855072463,0.7065217391304348,31.0,5863,913,17054,1.5553462505340576
100,1000,2,sf,21,Standard PC,0.9139072847682119,0.971830985915493,0.8625,13.0,8491,3541,13649,1.3535587787628174
100,1000,2,sf,21,DF-PC (Pure),0.9090909090909091,0.9459459459459459,0.875,14.0,5261,311,13791,1.2092106342315674
100,1000,2,sf,22,Standard PC,0.8533333333333333,1.0,0.7441860465116279,22.0,7009,2059,12389,1.6279139518737793
100,1000,2,sf,22,DF-PC (Pure),0.8758169934640523,1.0,0.7790697674418605,19.0,5530,580,13999,1.349517822265625
100,1000,2,sf,23,Standard PC,0.7843137254901961,1.0,0.6451612903225806,33.0,6245,1295,11767,1.375821828842163
100,1000,2,sf,23,DF-PC (Pure),0.7870967741935484,0.9838709677419355,0.6559139784946236,33.0,5725,775,11855,1.4546363353729248
100,1000,2,sf,24,Standard PC,0.9,1.0,0.8181818181818182,16.0,12499,7549,17659,3.0268189907073975
100,1000,2,sf,24,DF-PC (Pure),0.9112426035502958,0.9506172839506173,0.875,15.0,5748,798,19108,0.8718969821929932
100,1000,2,sf,25,Standard PC,0.8902439024390244,1.0,0.8021978021978022,18.0,10294,5344,15627,2.170696496963501
100,1000,2,sf,25,DF-PC (Pure),0.9122807017543859,0.975,0.8571428571428571,15.0,6452,1502,18775,1.3667006492614746
100,1000,2,sf,26,Standard PC,0.8444444444444446,0.9827586206896551,0.7402597402597403,21.0,5871,921,11078,1.2791049480438232
100,1000,2,sf,26,DF-PC (Pure),0.822695035460993,0.90625,0.7532467532467533,25.0,5264,314,11158,0.8273830413818359
100,1000,2,sf,27,Standard PC,0.896551724137931,1.0,0.8125,18.0,7661,2711,13101,1.7962367534637451
100,1000,2,sf,27,DF-PC (Pure),0.8938547486033519,0.963855421686747,0.8333333333333334,19.0,6224,1274,13354,0.8233685493469238
100,1000,2,sf,28,Standard PC,0.8554216867469879,1.0,0.7473684210526316,24.0,18735,13785,24022,3.1674623489379883
100,1000,2,sf,28,DF-PC (Pure),0.8588235294117647,0.9733333333333334,0.7684210526315789,24.0,8466,3516,24117,3.6098902225494385
100,1000,2,sf,29,Standard PC,0.8571428571428571,1.0,0.75,20.0,17724,12774,23009,2.7578299045562744
100,1000,2,sf,29,DF-PC (Pure),0.8689655172413793,0.9692307692307692,0.7875,19.0,5846,896,23275,1.0246543884277344
100,1000,4,er,0,Standard PC,0.6873065015479878,0.9024390243902439,0.555,101.0,41437,36487,63913,7.052140474319458
100,1000,4,er,0,DF-PC (Pure),0.6873065015479878,0.9024390243902439,0.555,101.0,26164,21214,64155,5.198890447616577
100,1000,4,er,1,Standard PC,0.7033639143730887,0.905511811023622,0.575,97.0,32580,27630,48450,4.402028560638428
100,1000,4,er,1,DF-PC (Pure),0.716867469879518,0.9015151515151515,0.595,94.0,19622,14672,48741,4.1373608112335205
100,1000,4,er,2,Standard PC,0.607843137254902,0.8773584905660378,0.465,120.0,45610,40660,76574,7.002373218536377
100,1000,4,er,2,DF-PC (Pure),0.6084142394822006,0.8623853211009175,0.47,121.0,33790,28840,77000,5.0597429275512695
100,1000,4,er,3,Standard PC,0.632258064516129,0.8909090909090909,0.49,114.0,38856,33906,58892,7.365445613861084
100,1000,4,er,3,DF-PC (Pure),0.6325878594249202,0.8761061946902655,0.495,115.0,24552,19602,59326,3.097108840942383
100,1000,4,er,4,Standard PC,0.6853582554517135,0.9090909090909091,0.55,101.0,48806,43856,74355,7.751695871353149
100,1000,4,er,4,DF-PC (Pure),0.6851851851851852,0.8951612903225806,0.555,102.0,31985,27035,74795,3.750798225402832
100,1000,4,er,5,Standard PC,0.6771159874608151,0.907563025210084,0.54,103.0,36817,31867,57942,6.650217056274414
100,1000,4,er,5,DF-PC (Pure),0.6791277258566979,0.9008264462809917,0.545,103.0,24924,19974,58413,3.328317165374756
100,1000,4,er,6,Standard PC,0.6793650793650793,0.9304347826086956,0.535,101.0,45309,40359,70254,7.796799182891846
100,1000,4,er,6,DF-PC (Pure),0.6876971608832807,0.9316239316239316,0.545,99.0,30353,25403,70537,4.945018768310547
100,1000,4,er,7,Standard PC,0.709480122324159,0.9133858267716536,0.58,95.0,34398,29448,49907,5.386792182922363
100,1000,4,er,7,DF-PC (Pure),0.7112462006079028,0.9069767441860465,0.585,95.0,20768,15818,50174,3.3632256984710693
100,1000,4,er,8,Standard PC,0.6188925081433224,0.8878504672897196,0.475,117.0,56564,51614,86614,7.896682024002075
100,1000,4,er,8,DF-PC (Pure),0.627831715210356,0.8899082568807339,0.485,115.0,37439,32489,87054,4.557437896728516
100,1000,4,er,9,Standard PC,0.6474358974358975,0.9017857142857143,0.505,110.0,43014,38064,66824,7.6989381313323975
100,1000,4,er,9,DF-PC (Pure),0.6517571884984026,0.9026548672566371,0.51,109.0,28278,23328,66951,5.505450963973999
100,1000,4,er,10,Standard PC,0.7455621301775148,0.9130434782608695,0.63,86.0,34052,29102,49180,5.280877590179443
100,1000,4,er,10,DF-PC (Pure),0.7529411764705883,0.9142857142857143,0.64,84.0,20266,15316,49530,2.4087538719177246
100,1000,4,er,11,Standard PC,0.7098765432098765,0.9274193548387096,0.575,94.0,45630,40680,71071,5.5817179679870605
100,1000,4,er,11,DF-PC (Pure),0.7177914110429447,0.9285714285714286,0.585,92.0,29253,24303,71388,4.1635730266571045
100,1000,4,er,12,Standard PC,0.6625386996904025,0.8699186991869918,0.535,109.0,45966,41016,69065,6.319661855697632
100,1000,4,er,12,DF-PC (Pure),0.6625386996904025,0.8699186991869918,0.535,109.0,29009,24059,69325,4.485715389251709
100,1000,4,er,13,Standard PC,0.6517571884984026,0.9026548672566371,0.51,109.0,38207,33257,57899,4.6623616218566895
100,1000,4,er,13,DF-PC (Pure),0.6560509554140127,0.9035087719298246,0.515,108.0,24415,19465,58101,2.9254112243652344
100,1000,4,er,14,Standard PC,0.7447447447447447,0.9323308270676691,0.62,85.0,34016,29066,49381,3.8204612731933594
100,1000,4,er,14,DF-PC (Pure),0.7462686567164178,0.9259259259259259,0.625,85.0,20177,15227,49697,2.8197567462921143
100,1000,4,er,15,Standard PC,0.7311178247734138,0.9236641221374046,0.605,89.0,44432,39482,68123,4.520043849945068
100,1000,4,er,15,DF-PC (Pure),0.7267267267267268,0.9097744360902256,0.605,91.0,27753,22803,68377,3.2781002521514893
100,1000,4,er,16,Standard PC,0.6360655737704918,0.9238095238095239,0.485,111.0,42074,37124,69075,4.515114068984985
100,1000,4,er,16,DF-PC (Pure),0.6384364820846905,0.9158878504672897,0.49,111.0,29901,24951,69385,3.650830030441284
100,1000,4,er,17,Standard PC,0.6582278481012658,0.896551724137931,0.52,108.0,40221,35271,60691,6.8832032680511475
100,1000,4,er,17,DF-PC (Pure),0.6583072100313481,0.8823529411764706,0.525,109.0,24265,19315,60992,3.6857638359069824
100,1000,4,er,18,Standard PC,0.6833855799373041,0.9159663865546218,0.545,101.0,45074,40124,67381,4.592049598693848
100,1000,4,er,18,DF-PC (Pure),0.68944099378882,0.9098360655737705,0.555,100.0,28128,23178,67608,4.556768417358398
100,1000,4,er,19,Standard PC,0.7200000000000001,0.936,0.585,91.0,37384,32434,57970,3.948425054550171
100,1000,4,er,19,DF-PC (Pure),0.729483282674772,0.9302325581395349,0.6,89.0,23977,19027,58483,2.9960765838623047
100,1000,4,er,20,Standard PC,0.6687116564417179,0.8650793650793651,0.545,108.0,45422,40472,66360,5.821329355239868
100,1000,4,er,20,DF-PC (Pure),0.6687116564417179,0.8650793650793651,0.545,108.0,27300,22350,66704,4.441352367401123
100,1000,4,er,21,Standard PC,0.6369426751592356,0.8771929824561403,0.5,114.0,37477,32527,56415,3.847635269165039
100,1000,4,er,21,DF-PC (Pure),0.65,0.8666666666666667,0.52,112.0,23951,19001,56973,2.99770188331604
100,1000,4,er,22,Standard PC,0.691358024691358,0.9032258064516129,0.56,100.0,44855,39905,67287,7.222649335861206
100,1000,4,er,22,DF-PC (Pure),0.6993865030674846,0.9047619047619048,0.57,98.0,28353,23403,67663,4.852694511413574
100,1000,4,er,23,Standard PC,0.7058823529411765,0.926829268292683,0.57,95.0,46503,41553,68800,6.294393062591553
100,1000,4,er,23,DF-PC (Pure),0.7177914110429447,0.9285714285714286,0.585,92.0,28373,23423,69287,4.274241924285889
100,1000,4,er,24,Standard PC,0.6498422712933754,0.8803418803418803,0.515,111.0,39633,34683,58677,4.632481098175049
100,1000,4,er,24,DF-PC (Pure),0.652037617554859,0.8739495798319328,0.52,111.0,23593,18643,59016,3.9169392585754395
100,1000,4,er,25,Standard PC,0.6996904024767802,0.9186991869918699,0.565,97.0,39532,34582,62299,5.248234748840332
100,1000,4,er,25,DF-PC (Pure),0.7116564417177913,0.9206349206349206,0.58,94.0,26724,21774,62891,3.780024290084839
100,1000,4,er,26,Standard PC,0.6258064516129033,0.8818181818181818,0.485,116.0,34227,29277,54437,3.980443239212036
100,1000,4,er,26,DF-PC (Pure),0.65,0.8666666666666667,0.52,112.0,23833,18883,55014,2.7586236000061035
100,1000,4,er,27,Standard PC,0.7228915662650602,0.9090909090909091,0.6,92.0,31200,26250,46395,3.511143207550049
100,1000,4,er,27,DF-PC (Pure),0.7207207207207207,0.9022556390977443,0.6,93.0,18791,13841,46590,2.4543776512145996
100,1000,4,er,28,Standard PC,0.7058823529411765,0.926829268292683,0.57,95.0,36944,31994,57222,4.269151210784912
100,1000,4,er,28,DF-PC (Pure),0.7037037037037036,0.9193548387096774,0.57,96.0,23614,18664,57399,2.9717423915863037
100,1000,4,er,29,Standard PC,0.7764705882352942,0.9428571428571428,0.66,76.0,38952,34002,56708,4.7032434940338135
100,1000,4,er,29,DF-PC (Pure),0.780058651026393,0.9432624113475178,0.665,75.0,22530,17580,56865,3.235962390899658
100,1000,4,sf,0,Standard PC,0.6165413533834586,0.9111111111111111,0.4659090909090909,102.0,14687,9737,24229,1.7273292541503906
100,1000,4,sf,0,DF-PC (Pure),0.6199261992619927,0.8842105263157894,0.4772727272727273,103.0,10593,5643,24638,1.333796501159668
100,1000,4,sf,1,Standard PC,0.6583333333333333,0.9753086419753086,0.4968553459119497,82.0,10755,5805,18277,1.5068140029907227
100,1000,4,sf,1,DF-PC (Pure),0.68,0.9340659340659341,0.5345911949685535,80.0,8131,3181,18662,1.1610896587371826
100,1000,4,sf,2,Standard PC,0.8169014084507041,0.9747899159663865,0.703030303030303,52.0,18048,13098,24659,1.9238998889923096
100,1000,4,sf,2,DF-PC (Pure),0.8194444444444445,0.959349593495935,0.7151515151515152,52.0,7852,2902,25536,1.0849461555480957
100,1000,4,sf,3,Standard PC,0.725925925925926,0.9514563106796117,0.5868263473053892,74.0,12813,7863,20138,1.7821667194366455
100,1000,4,sf,3,DF-PC (Pure),0.72992700729927,0.9345794392523364,0.5988023952095808,74.0,8562,3612,20956,1.6520195007324219
100,1000,4,sf,4,Standard PC,0.7216494845360824,0.9722222222222222,0.5737704918032787,81.0,16814,11864,24973,2.0034122467041016
100,1000,4,sf,4,DF-PC (Pure),0.7364864864864865,0.9646017699115044,0.5956284153005464,78.0,9855,4905,27072,1.3352205753326416
100,1000,4,sf,5,Standard PC,0.761904761904762,0.9904761904761905,0.6190476190476191,65.0,14535,9585,22623,1.844975233078003
100,1000,4,sf,5,DF-PC (Pure),0.7670250896057348,0.963963963963964,0.6369047619047619,65.0,9739,4789,22990,1.7968735694885254
100,1000,4,sf,6,Standard PC,0.7426470588235294,0.9351851851851852,0.6158536585365854,70.0,15234,10284,22999,1.5983896255493164
100,1000,4,sf,6,DF-PC (Pure),0.7472527472527473,0.9357798165137615,0.6219512195121951,69.0,9098,4148,23091,1.2810332775115967
100,1000,4,sf,7,Standard PC,0.6324110671936759,0.9090909090909091,0.48484848484848486,93.0,15860,10910,24587,1.6736297607421875
100,1000,4,sf,7,DF-PC (Pure),0.6513409961685824,0.8854166666666666,0.5151515151515151,91.0,10468,5518,25784,1.7147305011749268
100,1000,4,sf,8,Standard PC,0.7188612099644127,0.9528301886792453,0.5771428571428572,79.0,16767,11817,24104,1.7959833145141602
100,1000,4,sf,8,DF-PC (Pure),0.7272727272727272,0.9369369369369369,0.5942857142857143,78.0,8815,3865,27248,1.2937281131744385
100,1000,4,sf,9,Standard PC,0.7410358565737052,0.9587628865979382,0.6038961038961039,65.0,17374,12424,24421,2.382431983947754
100,1000,4,sf,9,DF-PC (Pure),0.744186046511628,0.9230769230769231,0.6233766233766234,66.0,8386,3436,24921,1.2569043636322021
100,1000,4,sf,10,Standard PC,0.6343283582089553,0.9444444444444444,0.47752808988764045,98.0,14873,9923,23894,1.6019072532653809
100,1000,4,sf,10,DF-PC (Pure),0.6472727272727273,0.9175257731958762,0.5,97.0,10396,5446,24565,1.3403637409210205
100,1000,4,sf,11,Standard PC,0.7185185185185186,0.9603960396039604,0.5739644970414202,76.0,14105,9155,21687,1.6857621669769287
100,1000,4,sf,11,DF-PC (Pure),0.7364620938628158,0.9444444444444444,0.6035502958579881,73.0,8805,3855,22944,1.4120171070098877
100,1000,4,sf,12,Standard PC,0.7591240875912408,0.9719626168224299,0.6227544910179641,66.0,13163,8213,20429,1.7229852676391602
100,1000,4,sf,12,DF-PC (Pure),0.7725631768953068,0.9727272727272728,0.6407185628742516,63.0,8513,3563,21001,1.3785769939422607
100,1000,4,sf,13,Standard PC,0.7076923076923076,0.9787234042553191,0.5542168674698795,76.0,11845,6895,18820,1.4071965217590332
100,1000,4,sf,13,DF-PC (Pure),0.7238805970149255,0.9509803921568627,0.5843373493975904,74.0,7870,2920,19345,1.1672673225402832
100,1000,4,sf,14,Standard PC,0.732824427480916,0.9696969696969697,0.588957055214724,70.0,13424,8474,21393,1.927966594696045
100,1000,4,sf,14,DF-PC (Pure),0.7424242424242424,0.9702970297029703,0.6012269938650306,68.0,9191,4241,21633,1.4194831848144531
100,1000,4,sf,15,Standard PC,0.8045112781954887,0.9907407407407407,0.6772151898734177,52.0,22047,17097,28795,2.547868490219116
100,1000,4,sf,15,DF-PC (Pure),0.8029739776951673,0.972972972972973,0.6835443037974683,53.0,7951,3001,29037,1.496955394744873
100,1000,4,sf,16,Standard PC,0.7266187050359713,0.9711538461538461,0.5804597701149425,76.0,13437,8487,21618,1.5989067554473877
100,1000,4,sf,16,DF-PC (Pure),0.7188612099644128,0.9439252336448598,0.5804597701149425,79.0,9399,4449,21791,1.1591830253601074
100,1000,4,sf,17,Standard PC,0.6746987951807228,0.9767441860465116,0.5153374233128835,81.0,11558,6608,18716,1.7973060607910156
100,1000,4,sf,17,DF-PC (Pure),0.6976744186046512,0.9473684210526315,0.5521472392638037,78.0,7991,3041,19608,1.437486171722412
100,1000,4,sf,18,Standard PC,0.6666666666666666,0.967032967032967,0.5086705202312138,88.0,13624,8674,22854,2.081552505493164
100,1000,4,sf,18,DF-PC (Pure),0.6741573033707865,0.9574468085106383,0.5202312138728323,87.0,10398,5448,23071,1.3739666938781738
100,1000,4,sf,19,Standard PC,0.7063197026022305,0.9223300970873787,0.572289156626506,79.0,15595,10645,22182,1.6727750301361084
100,1000,4,sf,19,DF-PC (Pure),0.7205882352941178,0.9245283018867925,0.5903614457831325,76.0,8092,3142,22423,1.097825288772583
100,1000,4,sf,20,Standard PC,0.7797833935018051,0.9818181818181818,0.6467065868263473,61.0,17777,12827,26661,2.4242279529571533
100,1000,4,sf,20,DF-PC (Pure),0.7769784172661871,0.972972972972973,0.6467065868263473,62.0,10741,5791,27311,1.4934320449829102
100,1000,4,sf,21,Standard PC,0.6766917293233083,0.9375,0.5294117647058824,86.0,13983,9033,22568,1.5845451354980469
100,1000,4,sf,21,DF-PC (Pure),0.6813186813186815,0.9029126213592233,0.5470588235294118,87.0,9688,4738,23857,1.2740333080291748
100,1000,4,sf,22,Standard PC,0.65,0.9680851063829787,0.489247311827957,98.0,14029,9079,22532,1.6662061214447021
100,1000,4,sf,22,DF-PC (Pure),0.6526315789473685,0.9393939393939394,0.5,99.0,9780,4830,23060,1.1780600547790527
100,1000,4,sf,23,Standard PC,0.700361010830325,0.9897959183673469,0.5418994413407822,83.0,16059,11109,24805,1.8326036930084229
100,1000,4,sf,23,DF-PC (Pure),0.7137809187279152,0.9711538461538461,0.5642458100558659,81.0,10637,5687,25458,1.4216620922088623
100,1000,4,sf,24,Standard PC,0.672,0.9438202247191011,0.5217391304347826,82.0,12146,7196,19746,1.663835048675537
100,1000,4,sf,24,DF-PC (Pure),0.6850393700787403,0.9354838709677419,0.5403726708074534,80.0,8763,3813,20080,1.218714952468872
100,1000,4,sf,25,Standard PC,0.7509025270758123,0.9811320754716981,0.6081871345029239,69.0,12810,7860,20114,1.7500419616699219
100,1000,4,sf,25,DF-PC (Pure),0.7615658362989325,0.9727272727272728,0.6257309941520468,67.0,8420,3470,20463,1.0903677940368652
100,1000,4,sf,26,Standard PC,0.6612903225806451,0.9425287356321839,0.5093167701863354,84.0,12569,7619,20975,1.3812134265899658
100,1000,4,sf,26,DF-PC (Pure),0.6561264822134387,0.9021739130434783,0.515527950310559,87.0,9866,4916,21356,1.244776725769043
100,1000,4,sf,27,Standard PC,0.6851211072664359,0.9339622641509434,0.5409836065573771,91.0,17515,12565,26654,2.184896469116211
100,1000,4,sf,27,DF-PC (Pure),0.6986301369863014,0.9357798165137615,0.5573770491803278,88.0,11251,6301,27882,1.3069126605987549
100,1000,4,sf,28,Standard PC,0.7154471544715448,0.9777777777777777,0.5641025641025641,70.0,10380,5430,16982,1.1861474514007568
100,1000,4,sf,28,DF-PC (Pure),0.7142857142857143,0.9375,0.5769230769230769,72.0,7295,2345,17066,0.8664615154266357
100,1000,4,sf,29,Standard PC,0.7104247104247106,0.968421052631579,0.5609756097560976,75.0,13169,8219,21008,1.355532169342041
100,1000,4,sf,29,DF-PC (Pure),0.7245283018867924,0.9504950495049505,0.5853658536585366,73.0,8826,3876,21443,1.0592858791351318
