Dataset,Nodes,Samples,Rep,Algo,F1,Prec,Rec,SHD,Actual_CIT,Cond_CIT,Requests,Time_Total
barley,48,2000,0,Standard PC,0.6923076923076923,0.9782608695652174,0.5357142857142857,40.0,6653,5525,9884,1.3007547855377197
barley,48,2000,0,DF-PC (Pure),0.7014925373134329,0.94,0.5595238095238095,40.0,4811,3683,10545,1.209385871887207
barley,48,2000,1,Standard PC,0.634920634920635,0.9523809523809523,0.47619047619047616,46.0,7079,5951,10586,1.4743375778198242
barley,48,2000,1,DF-PC (Pure),0.6259541984732824,0.8723404255319149,0.4880952380952381,49.0,5202,4074,11230,1.270637035369873
barley,48,2000,2,Standard PC,0.6615384615384615,0.9347826086956522,0.5119047619047619,44.0,6206,5078,9428,1.2187259197235107
barley,48,2000,2,DF-PC (Pure),0.6515151515151515,0.8958333333333334,0.5119047619047619,46.0,4529,3401,9795,1.0566096305847168
barley,48,2000,3,Standard PC,0.6771653543307087,1.0,0.5119047619047619,41.0,6916,5788,10300,1.4973711967468262
barley,48,2000,3,DF-PC (Pure),0.6567164179104478,0.88,0.5238095238095238,46.0,5130,4002,11141,1.0880966186523438
barley,48,2000,4,Standard PC,0.6456692913385826,0.9534883720930233,0.4880952380952381,45.0,6238,5110,9435,1.2012569904327393
barley,48,2000,4,DF-PC (Pure),0.6511627906976745,0.9333333333333333,0.5,45.0,4707,3579,10063,1.1620571613311768
barley,48,2000,5,Standard PC,0.6875000000000001,1.0,0.5238095238095238,40.0,6695,5567,10185,1.4031457901000977
barley,48,2000,5,DF-PC (Pure),0.6616541353383458,0.8979591836734694,0.5238095238095238,45.0,4935,3807,10672,1.2099967002868652
barley,48,2000,6,Standard PC,0.6615384615384615,0.9347826086956522,0.5119047619047619,44.0,6913,5785,10275,1.4687130451202393
barley,48,2000,6,DF-PC (Pure),0.6423357664233577,0.8301886792452831,0.5238095238095238,49.0,4974,3846,10944,1.121473789215088
barley,48,2000,7,Standard PC,0.6666666666666665,0.9555555555555556,0.5119047619047619,43.0,6314,5186,9565,1.2015471458435059
barley,48,2000,7,DF-PC (Pure),0.6470588235294118,0.8461538461538461,0.5238095238095238,48.0,4634,3506,10378,1.1517837047576904
barley,48,2000,8,Standard PC,0.696969696969697,0.9583333333333334,0.5476190476190477,40.0,6770,5642,10103,1.4652981758117676
barley,48,2000,8,DF-PC (Pure),0.6811594202898551,0.8703703703703703,0.5595238095238095,44.0,4895,3767,10752,1.2616114616394043
barley,48,2000,9,Standard PC,0.6614173228346456,0.9767441860465116,0.5,43.0,6484,5356,9817,1.2884705066680908
barley,48,2000,9,DF-PC (Pure),0.6511627906976745,0.9333333333333333,0.5,45.0,4808,3680,10383,1.2393524646759033
barley,48,2000,10,Standard PC,0.6976744186046512,1.0,0.5357142857142857,39.0,6956,5828,10287,1.5027587413787842
barley,48,2000,10,DF-PC (Pure),0.6818181818181818,0.9375,0.5357142857142857,42.0,5094,3966,10910,1.1608877182006836
barley,48,2000,11,Standard PC,0.696969696969697,0.9583333333333334,0.5476190476190477,40.0,6096,4968,9265,1.1705474853515625
barley,48,2000,11,DF-PC (Pure),0.7007299270072993,0.9056603773584906,0.5714285714285714,41.0,4542,3414,9837,1.1366987228393555
barley,48,2000,12,Standard PC,0.6771653543307087,1.0,0.5119047619047619,41.0,6821,5693,10196,1.4450271129608154
barley,48,2000,12,DF-PC (Pure),0.6616541353383458,0.8979591836734694,0.5238095238095238,45.0,5014,3886,10885,1.1431465148925781
barley,48,2000,13,Standard PC,0.6976744186046512,1.0,0.5357142857142857,39.0,6258,5130,9417,1.1933395862579346
barley,48,2000,13,DF-PC (Pure),0.696969696969697,0.9583333333333334,0.5476190476190477,40.0,4577,3449,10053,1.1415212154388428
barley,48,2000,14,Standard PC,0.6507936507936508,0.9761904761904762,0.4880952380952381,44.0,6649,5521,9841,1.4025158882141113
barley,48,2000,14,DF-PC (Pure),0.6259541984732824,0.8723404255319149,0.4880952380952381,49.0,4731,3603,10699,1.0759220123291016
barley,48,2000,15,Standard PC,0.6461538461538461,0.9130434782608695,0.5,46.0,7135,6007,10743,1.5854685306549072
barley,48,2000,15,DF-PC (Pure),0.6412213740458015,0.8936170212765957,0.5,47.0,5319,4191,11284,1.1777873039245605
barley,48,2000,16,Standard PC,0.6976744186046512,1.0,0.5357142857142857,39.0,6683,5555,10101,1.4481263160705566
barley,48,2000,16,DF-PC (Pure),0.6766917293233082,0.9183673469387755,0.5357142857142857,43.0,5018,3890,10889,1.0913233757019043
barley,48,2000,17,Standard PC,0.6917293233082707,0.9387755102040817,0.5476190476190477,41.0,6470,5342,9694,1.2467131614685059
barley,48,2000,17,DF-PC (Pure),0.6911764705882352,0.9038461538461539,0.5595238095238095,42.0,4727,3599,10302,1.190396785736084
barley,48,2000,18,Standard PC,0.6769230769230768,0.9565217391304348,0.5238095238095238,42.0,6723,5595,10078,1.4159023761749268
barley,48,2000,18,DF-PC (Pure),0.6717557251908398,0.9361702127659575,0.5238095238095238,43.0,4922,3794,10674,1.0994012355804443
barley,48,2000,19,Standard PC,0.6718749999999999,0.9772727272727273,0.5119047619047619,42.0,6738,5610,10179,1.433561086654663
barley,48,2000,19,DF-PC (Pure),0.6818181818181818,0.9375,0.5357142857142857,42.0,4968,3840,10590,1.127166986465454
barley,48,2000,20,Standard PC,0.6771653543307087,1.0,0.5119047619047619,41.0,6429,5301,9640,1.23634672164917
barley,48,2000,20,DF-PC (Pure),0.6615384615384615,0.9347826086956522,0.5119047619047619,44.0,4618,3490,10293,1.1457948684692383
barley,48,2000,21,Standard PC,0.6976744186046512,1.0,0.5357142857142857,39.0,7163,6035,10675,1.5386228561401367
barley,48,2000,21,DF-PC (Pure),0.6716417910447762,0.9,0.5357142857142857,44.0,5226,4098,11589,1.200575590133667
barley,48,2000,22,Standard PC,0.6870229007633588,0.9574468085106383,0.5357142857142857,41.0,6696,5568,10015,1.4113266468048096
barley,48,2000,22,DF-PC (Pure),0.6716417910447762,0.9,0.5357142857142857,44.0,4904,3776,10519,1.125206470489502
barley,48,2000,23,Standard PC,0.7022900763358778,0.9787234042553191,0.5476190476190477,39.0,6657,5529,10061,1.4698216915130615
barley,48,2000,23,DF-PC (Pure),0.712121212121212,0.9791666666666666,0.5595238095238095,38.0,5011,3883,10714,1.0658059120178223
barley,48,2000,24,Standard PC,0.6717557251908398,0.9361702127659575,0.5238095238095238,43.0,6763,5635,10263,1.356776237487793
barley,48,2000,24,DF-PC (Pure),0.6814814814814815,0.9019607843137255,0.5476190476190477,43.0,5200,4072,11129,1.1226222515106201
barley,48,2000,25,Standard PC,0.6923076923076923,0.9782608695652174,0.5357142857142857,40.0,6623,5495,9982,1.3118329048156738
barley,48,2000,25,DF-PC (Pure),0.6818181818181818,0.9375,0.5357142857142857,42.0,4805,3677,10310,1.0253064632415771
barley,48,2000,26,Standard PC,0.6870229007633588,0.9574468085106383,0.5357142857142857,41.0,6929,5801,10210,1.3805620670318604
barley,48,2000,26,DF-PC (Pure),0.6917293233082707,0.9387755102040817,0.5476190476190477,41.0,5082,3954,10855,1.1104586124420166
barley,48,2000,27,Standard PC,0.6615384615384615,0.9347826086956522,0.5119047619047619,44.0,7170,6042,10626,1.4112772941589355
barley,48,2000,27,DF-PC (Pure),0.6466165413533834,0.8775510204081632,0.5119047619047619,47.0,5159,4031,11321,1.1101443767547607
barley,48,2000,28,Standard PC,0.6769230769230768,0.9565217391304348,0.5238095238095238,42.0,6448,5320,9759,1.2459838390350342
barley,48,2000,28,DF-PC (Pure),0.6715328467153285,0.8679245283018868,0.5476190476190477,45.0,4750,3622,10548,0.996117353439331
barley,48,2000,29,Standard PC,0.6976744186046512,1.0,0.5357142857142857,39.0,6577,5449,9938,1.2826573848724365
barley,48,2000,29,DF-PC (Pure),0.6906474820143884,0.8727272727272727,0.5714285714285714,43.0,4855,3727,10794,1.0514051914215088
barley,48,5000,0,Standard PC,0.7313432835820894,0.98,0.5833333333333334,36.0,10863,9735,16058,2.529958724975586
barley,48,5000,0,DF-PC (Pure),0.7352941176470588,0.9615384615384616,0.5952380952380952,36.0,8316,7188,16636,2.121892213821411
barley,48,5000,1,Standard PC,0.7391304347826088,0.9444444444444444,0.6071428571428571,36.0,11025,9897,16150,2.59030818939209
barley,48,5000,1,DF-PC (Pure),0.7375886524822695,0.9122807017543859,0.6190476190476191,37.0,8512,7384,17015,2.189847707748413
barley,48,5000,2,Standard PC,0.7681159420289855,0.9814814814814815,0.6309523809523809,32.0,11039,9911,16197,2.5529630184173584
barley,48,5000,2,DF-PC (Pure),0.7412587412587412,0.8983050847457628,0.6309523809523809,37.0,8304,7176,16848,2.090078592300415
barley,48,5000,3,Standard PC,0.7445255474452553,0.9622641509433962,0.6071428571428571,35.0,10895,9767,15983,2.558044195175171
barley,48,5000,3,DF-PC (Pure),0.7083333333333333,0.85,0.6071428571428571,42.0,8165,7037,16702,2.0935239791870117
barley,48,5000,4,Standard PC,0.7536231884057971,0.9629629629629629,0.6190476190476191,34.0,12083,10955,17545,2.9695096015930176
barley,48,5000,4,DF-PC (Pure),0.742857142857143,0.9285714285714286,0.6190476190476191,36.0,9348,8220,18541,2.552410364151001
barley,48,5000,5,Standard PC,0.7681159420289855,0.9814814814814815,0.6309523809523809,32.0,11960,10832,17497,2.9061739444732666
barley,48,5000,5,DF-PC (Pure),0.7571428571428572,0.9464285714285714,0.6309523809523809,34.0,9368,8240,18308,2.5608413219451904
barley,48,5000,6,Standard PC,0.7536231884057971,0.9629629629629629,0.6190476190476191,34.0,10734,9606,15656,2.5041775703430176
barley,48,5000,6,DF-PC (Pure),0.7517730496453902,0.9298245614035088,0.6309523809523809,35.0,8265,7137,16329,2.10359787940979
barley,48,5000,7,Standard PC,0.7407407407407407,0.9803921568627451,0.5952380952380952,35.0,10709,9581,15832,2.512864112854004
barley,48,5000,7,DF-PC (Pure),0.7391304347826088,0.9444444444444444,0.6071428571428571,36.0,8208,7080,16473,2.1014626026153564
barley,48,5000,8,Standard PC,0.776978417266187,0.9818181818181818,0.6428571428571429,31.0,11508,10380,16848,2.652789831161499
barley,48,5000,8,DF-PC (Pure),0.7552447552447552,0.9152542372881356,0.6428571428571429,35.0,8776,7648,17854,2.2326977252960205
barley,48,5000,9,Standard PC,0.7352941176470588,0.9615384615384616,0.5952380952380952,36.0,10629,9501,15550,2.4879963397979736
barley,48,5000,9,DF-PC (Pure),0.7285714285714285,0.9107142857142857,0.6071428571428571,38.0,8037,6909,16134,2.0693132877349854
barley,48,5000,10,Standard PC,0.7352941176470588,0.9615384615384616,0.5952380952380952,36.0,10793,9665,15828,2.5005555152893066
barley,48,5000,10,DF-PC (Pure),0.7338129496402876,0.9272727272727272,0.6071428571428571,37.0,8247,7119,16516,2.0864357948303223
barley,48,5000,11,Standard PC,0.762589928057554,0.9636363636363636,0.6309523809523809,33.0,10274,9146,15277,2.3981966972351074
barley,48,5000,11,DF-PC (Pure),0.7571428571428572,0.9464285714285714,0.6309523809523809,34.0,7800,6672,15788,1.9847173690795898
barley,48,5000,12,Standard PC,0.782608695652174,1.0,0.6428571428571429,30.0,11215,10087,16536,2.6804087162017822
barley,48,5000,12,DF-PC (Pure),0.7801418439716312,0.9649122807017544,0.6547619047619048,31.0,8611,7483,17259,2.267728328704834
barley,48,5000,13,Standard PC,0.7681159420289855,0.9814814814814815,0.6309523809523809,32.0,10266,9138,15070,2.3921163082122803
barley,48,5000,13,DF-PC (Pure),0.7605633802816901,0.9310344827586207,0.6428571428571429,34.0,7824,6696,15851,1.9953324794769287
barley,48,5000,14,Standard PC,0.7857142857142857,0.9821428571428571,0.6547619047619048,30.0,11034,9906,16206,2.585805654525757
barley,48,5000,14,DF-PC (Pure),0.7724137931034483,0.9180327868852459,0.6666666666666666,33.0,8336,7208,16934,2.1492607593536377
barley,48,5000,15,Standard PC,0.776978417266187,0.9818181818181818,0.6428571428571429,31.0,10700,9572,15643,2.4686741828918457
barley,48,5000,15,DF-PC (Pure),0.7801418439716312,0.9649122807017544,0.6547619047619048,31.0,8125,6997,16231,2.0625650882720947
barley,48,5000,16,Standard PC,0.7445255474452553,0.9622641509433962,0.6071428571428571,35.0,10779,9651,15719,2.509033441543579
barley,48,5000,16,DF-PC (Pure),0.742857142857143,0.9285714285714286,0.6190476190476191,36.0,8218,7090,16331,2.0756797790527344
barley,48,5000,17,Standard PC,0.7647058823529412,1.0,0.6190476190476191,32.0,11090,9962,16239,2.6468679904937744
barley,48,5000,17,DF-PC (Pure),0.762589928057554,0.9636363636363636,0.6309523809523809,33.0,8516,7388,17136,2.2859113216400146
barley,48,5000,18,Standard PC,0.7499999999999999,0.9807692307692307,0.6071428571428571,34.0,11623,10495,17070,2.905895233154297
barley,48,5000,18,DF-PC (Pure),0.742857142857143,0.9285714285714286,0.6190476190476191,36.0,8899,7771,17851,2.349249839782715
barley,48,5000,19,Standard PC,0.7407407407407407,0.9803921568627451,0.5952380952380952,35.0,10602,9474,15652,2.677623987197876
barley,48,5000,19,DF-PC (Pure),0.7482014388489209,0.9454545454545454,0.6190476190476191,35.0,8056,6928,16245,2.1278231143951416
barley,48,5000,20,Standard PC,0.7313432835820894,0.98,0.5833333333333334,36.0,10625,9497,15712,2.537858009338379
barley,48,5000,20,DF-PC (Pure),0.7153284671532847,0.9245283018867925,0.5833333333333334,39.0,7997,6869,16297,2.021228075027466
barley,48,5000,21,Standard PC,0.7681159420289855,0.9814814814814815,0.6309523809523809,32.0,12090,10962,17602,2.975478172302246
barley,48,5000,21,DF-PC (Pure),0.7517730496453902,0.9298245614035088,0.6309523809523809,35.0,9219,8091,18377,2.4050867557525635
barley,48,5000,22,Standard PC,0.762589928057554,0.9636363636363636,0.6309523809523809,33.0,11248,10120,16439,2.7352230548858643
barley,48,5000,22,DF-PC (Pure),0.7464788732394366,0.9137931034482759,0.6309523809523809,36.0,8834,7706,17558,2.2976858615875244
barley,48,5000,23,Standard PC,0.7499999999999999,0.9807692307692307,0.6071428571428571,34.0,11639,10511,16914,2.906538724899292
barley,48,5000,23,DF-PC (Pure),0.762589928057554,0.9636363636363636,0.6309523809523809,33.0,8912,7784,17566,2.399729013442993
barley,48,5000,24,Standard PC,0.8028169014084507,0.9827586206896551,0.6785714285714286,28.0,10869,9741,15983,2.689371347427368
barley,48,5000,24,DF-PC (Pure),0.7891156462585033,0.9206349206349206,0.6904761904761905,31.0,8447,7319,16791,2.2113022804260254
barley,48,5000,25,Standard PC,0.7445255474452553,0.9622641509433962,0.6071428571428571,35.0,10434,9306,15376,2.5821478366851807
barley,48,5000,25,DF-PC (Pure),0.7482014388489209,0.9454545454545454,0.6190476190476191,35.0,7951,6823,15922,2.0259506702423096
barley,48,5000,26,Standard PC,0.7407407407407407,0.9803921568627451,0.5952380952380952,35.0,10878,9750,16098,2.6121904850006104
barley,48,5000,26,DF-PC (Pure),0.7352941176470588,0.9615384615384616,0.5952380952380952,36.0,8160,7032,16750,2.0240390300750732
barley,48,5000,27,Standard PC,0.7857142857142857,0.9821428571428571,0.6547619047619048,30.0,10949,9821,16176,2.6647980213165283
barley,48,5000,27,DF-PC (Pure),0.7777777777777778,0.9333333333333333,0.6666666666666666,32.0,8365,7237,16988,2.1646220684051514
barley,48,5000,28,Standard PC,0.7536231884057971,0.9629629629629629,0.6190476190476191,34.0,10589,9461,15633,2.5826056003570557
barley,48,5000,28,DF-PC (Pure),0.7517730496453902,0.9298245614035088,0.6309523809523809,35.0,8045,6917,16541,2.082759141921997
barley,48,5000,29,Standard PC,0.7746478873239436,0.9482758620689655,0.6547619047619048,32.0,11087,9959,16379,2.5970194339752197
barley,48,5000,29,DF-PC (Pure),0.7567567567567567,0.875,0.6666666666666666,36.0,8260,7132,17003,2.0802483558654785
mildew,35,2000,0,Standard PC,0.7532467532467533,0.9354838709677419,0.6304347826086957,19.0,2348,1753,4089,1.3795926570892334
mildew,35,2000,0,DF-PC (Pure),0.775,0.9117647058823529,0.6739130434782609,18.0,1983,1388,4258,1.0601065158843994
mildew,35,2000,1,Standard PC,0.7999999999999999,0.9411764705882353,0.6956521739130435,16.0,2413,1818,4099,1.4936647415161133
mildew,35,2000,1,DF-PC (Pure),0.8192771084337348,0.918918918918919,0.7391304347826086,15.0,1994,1399,4373,1.1663811206817627
mildew,35,2000,2,Standard PC,0.7848101265822786,0.9393939393939394,0.6739130434782609,17.0,2540,1945,4328,2.694462776184082
mildew,35,2000,2,DF-PC (Pure),0.8095238095238095,0.8947368421052632,0.7391304347826086,16.0,2158,1563,4647,1.7349882125854492
mildew,35,2000,3,Standard PC,0.7692307692307693,0.9375,0.6521739130434783,18.0,2786,2191,4654,2.380051851272583
mildew,35,2000,3,DF-PC (Pure),0.7951807228915664,0.8918918918918919,0.717391304347826,17.0,2341,1746,4927,1.9386427402496338
mildew,35,2000,4,Standard PC,0.8051948051948052,1.0,0.6739130434782609,15.0,2221,1626,3881,1.215881586074829
mildew,35,2000,4,DF-PC (Pure),0.8395061728395062,0.9714285714285714,0.7391304347826086,13.0,1853,1258,4192,0.9178850650787354
mildew,35,2000,5,Standard PC,0.7532467532467533,0.9354838709677419,0.6304347826086957,19.0,2182,1587,3798,1.6145567893981934
mildew,35,2000,5,DF-PC (Pure),0.7901234567901234,0.9142857142857143,0.6956521739130435,17.0,1799,1204,3998,1.0613930225372314
mildew,35,2000,6,Standard PC,0.7368421052631579,0.9333333333333333,0.6086956521739131,20.0,2489,1894,4242,1.230463981628418
mildew,35,2000,6,DF-PC (Pure),0.775,0.9117647058823529,0.6739130434782609,18.0,2110,1515,4596,1.0924930572509766
mildew,35,2000,7,Standard PC,0.7435897435897436,0.90625,0.6304347826086957,20.0,2538,1943,4270,2.179218053817749
mildew,35,2000,7,DF-PC (Pure),0.7160493827160495,0.8285714285714286,0.6304347826086957,23.0,2126,1531,4570,2.1753756999969482
mildew,35,2000,8,Standard PC,0.7948717948717949,0.96875,0.6739130434782609,16.0,2498,1903,4239,6.14851188659668
mildew,35,2000,8,DF-PC (Pure),0.8395061728395062,0.9714285714285714,0.7391304347826086,13.0,2111,1516,4507,6.071546792984009
mildew,35,2000,9,Standard PC,0.7466666666666666,0.9655172413793104,0.6086956521739131,19.0,2518,1923,4275,1.6291284561157227
mildew,35,2000,9,DF-PC (Pure),0.7341772151898734,0.8787878787878788,0.6304347826086957,21.0,2106,1511,4560,1.5563087463378906
mildew,35,2000,10,Standard PC,0.7804878048780488,0.8888888888888888,0.6956521739130435,18.0,2689,2094,4414,5.730683088302612
mildew,35,2000,10,DF-PC (Pure),0.7674418604651162,0.825,0.717391304347826,20.0,2264,1669,4642,5.845494270324707
mildew,35,2000,11,Standard PC,0.7466666666666666,0.9655172413793104,0.6086956521739131,19.0,2511,1916,4213,1.3543474674224854
mildew,35,2000,11,DF-PC (Pure),0.7654320987654321,0.8857142857142857,0.6739130434782609,19.0,2090,1495,4601,1.2632343769073486
mildew,35,2000,12,Standard PC,0.7368421052631579,0.9333333333333333,0.6086956521739131,20.0,2473,1878,4182,1.4491708278656006
mildew,35,2000,12,DF-PC (Pure),0.7804878048780488,0.8888888888888888,0.6956521739130435,18.0,2073,1478,4479,1.6000256538391113
mildew,35,2000,13,Standard PC,0.763157894736842,0.9666666666666667,0.6304347826086957,18.0,2486,1891,4344,2.049100399017334
mildew,35,2000,13,DF-PC (Pure),0.7654320987654321,0.8857142857142857,0.6739130434782609,19.0,2133,1538,4572,1.4995121955871582
mildew,35,2000,14,Standard PC,0.7692307692307693,0.9375,0.6521739130434783,18.0,2619,2024,4413,2.409414291381836
mildew,35,2000,14,DF-PC (Pure),0.8095238095238095,0.8947368421052632,0.7391304347826086,16.0,2222,1627,4809,2.323091983795166
mildew,35,2000,15,Standard PC,0.825,0.9705882352941176,0.717391304347826,14.0,2804,2209,4578,5.297637224197388
mildew,35,2000,15,DF-PC (Pure),0.8333333333333333,0.9210526315789473,0.7608695652173914,14.0,2311,1716,4811,3.2995333671569824
mildew,35,2000,16,Standard PC,0.75,0.8823529411764706,0.6521739130434783,20.0,2764,2169,4623,6.106177806854248
mildew,35,2000,16,DF-PC (Pure),0.776470588235294,0.8461538461538461,0.717391304347826,19.0,2372,1777,4931,5.124002456665039
mildew,35,2000,17,Standard PC,0.7733333333333333,1.0,0.6304347826086957,17.0,2531,1936,4274,2.932440996170044
mildew,35,2000,17,DF-PC (Pure),0.8048780487804877,0.9166666666666666,0.717391304347826,16.0,2102,1507,4506,2.282973527908325
mildew,35,2000,18,Standard PC,0.775,0.9117647058823529,0.6739130434782609,18.0,2686,2091,4472,3.0272552967071533
mildew,35,2000,18,DF-PC (Pure),0.7857142857142858,0.868421052631579,0.717391304347826,18.0,2172,1577,4903,1.9537956714630127
mildew,35,2000,19,Standard PC,0.717948717948718,0.875,0.6086956521739131,22.0,2730,2135,4529,4.416880369186401
mildew,35,2000,19,DF-PC (Pure),0.6904761904761905,0.7631578947368421,0.6304347826086957,26.0,2244,1649,4767,2.8031303882598877
mildew,35,2000,20,Standard PC,0.75,0.8823529411764706,0.6521739130434783,20.0,2259,1664,3921,2.232290267944336
mildew,35,2000,20,DF-PC (Pure),0.7857142857142858,0.868421052631579,0.717391304347826,18.0,1908,1313,4150,1.798095941543579
mildew,35,2000,21,Standard PC,0.7848101265822786,0.9393939393939394,0.6739130434782609,17.0,2747,2152,4567,7.598049163818359
mildew,35,2000,21,DF-PC (Pure),0.7906976744186046,0.85,0.7391304347826086,18.0,2369,1774,5100,6.166099548339844
mildew,35,2000,22,Standard PC,0.8051948051948052,1.0,0.6739130434782609,15.0,2399,1804,4095,1.7655305862426758
mildew,35,2000,22,DF-PC (Pure),0.853658536585366,0.9722222222222222,0.7608695652173914,12.0,2020,1425,4402,1.5484778881072998
mildew,35,2000,23,Standard PC,0.7341772151898734,0.8787878787878788,0.6304347826086957,21.0,2235,1640,3883,1.494110107421875
mildew,35,2000,23,DF-PC (Pure),0.7906976744186046,0.85,0.7391304347826086,18.0,1913,1318,4254,1.4681167602539062
mildew,35,2000,24,Standard PC,0.7368421052631579,0.9333333333333333,0.6086956521739131,20.0,2528,1933,4318,1.4891817569732666
mildew,35,2000,24,DF-PC (Pure),0.75,0.8823529411764706,0.6521739130434783,20.0,2131,1536,4647,1.4258232116699219
mildew,35,2000,25,Standard PC,0.7567567567567568,1.0,0.6086956521739131,18.0,2587,1992,4379,1.5778312683105469
mildew,35,2000,25,DF-PC (Pure),0.8148148148148148,0.9428571428571428,0.717391304347826,15.0,2162,1567,4728,1.179811716079712
mildew,35,2000,26,Standard PC,0.810126582278481,0.9696969696969697,0.6956521739130435,15.0,2472,1877,4187,1.5665323734283447
mildew,35,2000,26,DF-PC (Pure),0.8333333333333333,0.9210526315789473,0.7608695652173914,14.0,2061,1466,4454,1.5284473896026611
mildew,35,2000,27,Standard PC,0.7692307692307693,0.9375,0.6521739130434783,18.0,2514,1919,4261,2.481802463531494
mildew,35,2000,27,DF-PC (Pure),0.7857142857142858,0.868421052631579,0.717391304347826,18.0,2135,1540,4737,2.5163497924804688
mildew,35,2000,28,Standard PC,0.8051948051948052,1.0,0.6739130434782609,15.0,2096,1501,3717,0.8405406475067139
mildew,35,2000,28,DF-PC (Pure),0.8148148148148148,0.9428571428571428,0.717391304347826,15.0,1801,1206,3950,0.7525756359100342
mildew,35,2000,29,Standard PC,0.8354430379746834,1.0,0.717391304347826,13.0,2458,1863,4219,1.7442653179168701
mildew,35,2000,29,DF-PC (Pure),0.8333333333333333,0.9210526315789473,0.7608695652173914,14.0,2090,1495,4544,1.2770404815673828
mildew,35,5000,0,Standard PC,0.85,1.0,0.7391304347826086,12.0,3313,2718,5436,5.354263067245483
mildew,35,5000,0,DF-PC (Pure),0.9047619047619047,1.0,0.8260869565217391,8.0,2735,2140,5838,4.049175500869751
mildew,35,5000,1,Standard PC,0.8395061728395062,0.9714285714285714,0.7391304347826086,13.0,3520,2925,5689,5.933058977127075
mildew,35,5000,1,DF-PC (Pure),0.8333333333333333,0.9210526315789473,0.7608695652173914,14.0,2821,2226,5959,3.912990093231201
mildew,35,5000,2,Standard PC,0.8641975308641976,1.0,0.7608695652173914,11.0,3434,2839,5610,2.5082662105560303
mildew,35,5000,2,DF-PC (Pure),0.8571428571428571,0.9473684210526315,0.782608695652174,12.0,2744,2149,5933,2.793658494949341
mildew,35,5000,3,Standard PC,0.8354430379746834,1.0,0.717391304347826,13.0,3126,2531,5133,2.0432045459747314
mildew,35,5000,3,DF-PC (Pure),0.8433734939759038,0.9459459459459459,0.7608695652173914,13.0,2543,1948,5387,2.433932065963745
mildew,35,5000,4,Standard PC,0.85,1.0,0.7391304347826086,12.0,3392,2797,5548,2.2254457473754883
mildew,35,5000,4,DF-PC (Pure),0.8333333333333333,0.9210526315789473,0.7608695652173914,14.0,2709,2114,5867,1.7604131698608398
mildew,35,5000,5,Standard PC,0.8641975308641976,1.0,0.7608695652173914,11.0,3506,2911,5651,3.37325382232666
mildew,35,5000,5,DF-PC (Pure),0.8705882352941177,0.9487179487179487,0.8043478260869565,11.0,2823,2228,5991,2.975241184234619
mildew,35,5000,6,Standard PC,0.8641975308641976,1.0,0.7608695652173914,11.0,3785,3190,6043,3.73770809173584
mildew,35,5000,6,DF-PC (Pure),0.8470588235294118,0.9230769230769231,0.782608695652174,13.0,3027,2432,6345,3.8599228858947754
mildew,35,5000,7,Standard PC,0.8674698795180723,0.972972972972973,0.782608695652174,11.0,3836,3241,6084,6.700667858123779
mildew,35,5000,7,DF-PC (Pure),0.909090909090909,0.9523809523809523,0.8695652173913043,8.0,3144,2549,6494,5.195988893508911
mildew,35,5000,8,Standard PC,0.8354430379746834,1.0,0.717391304347826,13.0,3603,3008,5825,4.94968318939209
mildew,35,5000,8,DF-PC (Pure),0.8333333333333333,0.9210526315789473,0.7608695652173914,14.0,2938,2343,6085,3.9434657096862793
mildew,35,5000,9,Standard PC,0.8192771084337348,0.918918918918919,0.7391304347826086,15.0,3425,2830,5524,3.593761682510376
mildew,35,5000,9,DF-PC (Pure),0.8372093023255814,0.9,0.782608695652174,14.0,2781,2186,5798,3.0784106254577637
mildew,35,5000,10,Standard PC,0.8641975308641976,1.0,0.7608695652173914,11.0,3482,2887,5626,2.7588253021240234
mildew,35,5000,10,DF-PC (Pure),0.891566265060241,1.0,0.8043478260869565,9.0,2806,2211,5765,2.3058528900146484
mildew,35,5000,11,Standard PC,0.8641975308641976,1.0,0.7608695652173914,11.0,3791,3196,6007,3.383866548538208
mildew,35,5000,11,DF-PC (Pure),0.8705882352941177,0.9487179487179487,0.8043478260869565,11.0,3076,2481,6302,2.875361919403076
mildew,35,5000,12,Standard PC,0.85,1.0,0.7391304347826086,12.0,3359,2764,5446,3.071606397628784
mildew,35,5000,12,DF-PC (Pure),0.8470588235294118,0.9230769230769231,0.782608695652174,13.0,2679,2084,5792,2.714744806289673
mildew,35,5000,13,Standard PC,0.878048780487805,1.0,0.782608695652174,10.0,3503,2908,5639,4.195053577423096
mildew,35,5000,13,DF-PC (Pure),0.8705882352941177,0.9487179487179487,0.8043478260869565,11.0,2829,2234,5970,4.879452705383301
mildew,35,5000,14,Standard PC,0.878048780487805,1.0,0.782608695652174,10.0,3572,2977,5695,3.7254257202148438
mildew,35,5000,14,DF-PC (Pure),0.8470588235294118,0.9230769230769231,0.782608695652174,13.0,2878,2283,6089,4.797579050064087
mildew,35,5000,15,Standard PC,0.8674698795180723,0.972972972972973,0.782608695652174,11.0,3615,3020,5735,7.319674015045166
mildew,35,5000,15,DF-PC (Pure),0.8505747126436782,0.9024390243902439,0.8043478260869565,13.0,2930,2335,5894,5.124726057052612
mildew,35,5000,16,Standard PC,0.8395061728395062,0.9714285714285714,0.7391304347826086,13.0,3442,2847,5609,4.199071645736694
mildew,35,5000,16,DF-PC (Pure),0.8571428571428571,0.9473684210526315,0.782608695652174,12.0,2780,2185,5829,3.3103079795837402
mildew,35,5000,17,Standard PC,0.8809523809523809,0.9736842105263158,0.8043478260869565,10.0,3441,2846,5507,5.367744207382202
mildew,35,5000,17,DF-PC (Pure),0.8735632183908046,0.926829268292683,0.8260869565217391,11.0,2763,2168,5769,4.513051271438599
mildew,35,5000,18,Standard PC,0.853658536585366,0.9722222222222222,0.7608695652173914,12.0,3268,2673,5319,2.343005895614624
mildew,35,5000,18,DF-PC (Pure),0.8571428571428571,0.9473684210526315,0.782608695652174,12.0,2596,2001,5499,2.2892305850982666
mildew,35,5000,19,Standard PC,0.8395061728395062,0.9714285714285714,0.7391304347826086,13.0,3666,3071,5818,2.856598138809204
mildew,35,5000,19,DF-PC (Pure),0.8235294117647058,0.8974358974358975,0.7608695652173914,15.0,2871,2276,6330,2.6368517875671387
mildew,35,5000,20,Standard PC,0.8395061728395062,0.9714285714285714,0.7391304347826086,13.0,3440,2845,5565,2.8473691940307617
mildew,35,5000,20,DF-PC (Pure),0.8470588235294118,0.9230769230769231,0.782608695652174,13.0,2741,2146,5947,1.8412892818450928
mildew,35,5000,21,Standard PC,0.8433734939759038,0.9459459459459459,0.7608695652173914,13.0,3659,3064,5859,2.1775896549224854
mildew,35,5000,21,DF-PC (Pure),0.8333333333333333,0.9210526315789473,0.7608695652173914,14.0,2939,2344,6151,1.850895643234253
mildew,35,5000,22,Standard PC,0.8433734939759038,0.9459459459459459,0.7608695652173914,13.0,3780,3185,5960,12.436711549758911
mildew,35,5000,22,DF-PC (Pure),0.8505747126436782,0.9024390243902439,0.8043478260869565,13.0,3015,2420,6374,9.88521409034729
mildew,35,5000,23,Standard PC,0.825,0.9705882352941176,0.717391304347826,14.0,3501,2906,5678,3.7980170249938965
mildew,35,5000,23,DF-PC (Pure),0.8433734939759038,0.9459459459459459,0.7608695652173914,13.0,2870,2275,5911,3.5568792819976807
mildew,35,5000,24,Standard PC,0.8674698795180723,0.972972972972973,0.782608695652174,11.0,3470,2875,5576,6.20881986618042
mildew,35,5000,24,DF-PC (Pure),0.8863636363636365,0.9285714285714286,0.8478260869565217,10.0,2804,2209,5813,5.270840644836426
mildew,35,5000,25,Standard PC,0.8292682926829269,0.9444444444444444,0.7391304347826086,14.0,3426,2831,5565,6.802138090133667
mildew,35,5000,25,DF-PC (Pure),0.8433734939759038,0.9459459459459459,0.7608695652173914,13.0,2749,2154,5745,6.854709148406982
mildew,35,5000,26,Standard PC,0.853658536585366,0.9722222222222222,0.7608695652173914,12.0,3779,3184,6019,8.968625783920288
mildew,35,5000,26,DF-PC (Pure),0.8275862068965518,0.8780487804878049,0.782608695652174,15.0,3076,2481,6443,10.613307237625122
mildew,35,5000,27,Standard PC,0.8292682926829269,0.9444444444444444,0.7391304347826086,14.0,3370,2775,5480,6.1446373462677
mildew,35,5000,27,DF-PC (Pure),0.8705882352941177,0.9487179487179487,0.8043478260869565,11.0,2757,2162,5680,4.9459168910980225
mildew,35,5000,28,Standard PC,0.8192771084337348,0.918918918918919,0.7391304347826086,15.0,3654,3059,5840,9.266967296600342
mildew,35,5000,28,DF-PC (Pure),0.8333333333333333,0.9210526315789473,0.7608695652173914,14.0,2926,2331,6033,6.208975553512573
mildew,35,5000,29,Standard PC,0.8235294117647058,0.8974358974358975,0.7608695652173914,15.0,3493,2898,5624,2.6855151653289795
mildew,35,5000,29,DF-PC (Pure),0.8372093023255814,0.9,0.782608695652174,14.0,2819,2224,5897,2.4546217918395996
