Nodes,Samples,Deg,Graph,Data,Rep,Algo,F1,Prec,Rec,SHD,Requests,Actual_CIT,Cond_CIT,Performed_CITs,Bypassed_CITs,Time_Total,Time_CIT,Time_Overhead
30,5000,6,er,linear_sem,0,Standard PC,0.4,0.7142857142857143,0.2777777777777778,75.0,23194,16019,15584,16019,7175,6.0333592891693115,5.915660858154297,0.11769843101501465
30,5000,6,er,linear_sem,1,Standard PC,0.4651162790697674,0.7692307692307693,0.3333333333333333,69.0,28259,19307,18872,19307,8952,4.692384958267212,4.581394910812378,0.11099004745483398
30,5000,6,er,linear_sem,2,Standard PC,0.4,0.7142857142857143,0.2777777777777778,75.0,23963,15946,15511,15946,8017,5.603016138076782,5.509059906005859,0.09395623207092285
30,5000,6,er,linear_sem,3,Standard PC,0.432,0.7714285714285715,0.3,71.0,21964,15158,14723,15158,6806,1.8295679092407227,1.758138656616211,0.07142925262451172
30,5000,6,er,linear_sem,4,Standard PC,0.3389830508474576,0.7142857142857143,0.2222222222222222,78.0,21831,15357,14922,15357,6474,6.770340442657471,6.648200988769531,0.12213945388793945
30,5000,6,er,linear_sem,5,Standard PC,0.48854961832061067,0.7804878048780488,0.35555555555555557,67.0,27046,19067,18632,19067,7979,5.76124119758606,5.633179664611816,0.12806153297424316
30,5000,6,er,linear_sem,6,Standard PC,0.38655462184873945,0.7931034482758621,0.25555555555555554,73.0,29318,19648,19213,19648,9670,6.603672504425049,6.490118980407715,0.11355352401733398
30,5000,6,er,linear_sem,7,Standard PC,0.4776119402985074,0.7272727272727273,0.35555555555555557,70.0,21356,15560,15125,15560,5796,2.75543212890625,2.6676108837127686,0.08782124519348145
30,5000,6,er,linear_sem,8,Standard PC,0.40625,0.6842105263157895,0.28888888888888886,76.0,27478,18753,18318,18753,8725,5.398043394088745,5.284761190414429,0.1132822036743164
30,5000,6,er,linear_sem,9,Standard PC,0.5076923076923078,0.8048780487804879,0.3707865168539326,64.0,19112,12864,12429,12864,6248,3.5260608196258545,3.4492013454437256,0.0768594741821289
30,5000,6,er,linear_sem,10,Standard PC,0.46153846153846156,0.75,0.3333333333333333,70.0,26131,17732,17297,17732,8399,3.7751219272613525,3.674213171005249,0.10090875625610352
30,5000,6,er,linear_sem,11,Standard PC,0.5074626865671641,0.7391304347826086,0.38636363636363635,66.0,23730,16491,16056,16491,7239,6.041689872741699,5.9324705600738525,0.10921931266784668
30,5000,6,er,linear_sem,12,Standard PC,0.41860465116279066,0.6923076923076923,0.3,75.0,27443,19273,18838,19273,8170,3.7739102840423584,3.652946710586548,0.12096357345581055
30,5000,6,er,linear_sem,13,Standard PC,0.32478632478632474,0.7037037037037037,0.2111111111111111,79.0,23527,15555,15120,15555,7972,5.750435829162598,5.6361403465271,0.11429548263549805
30,5000,6,er,linear_sem,14,Standard PC,0.523076923076923,0.85,0.37777777777777777,62.0,20458,14496,14061,14496,5962,4.930050849914551,4.826785564422607,0.10326528549194336
30,5000,6,er,linear_sem,15,Standard PC,0.42748091603053434,0.6829268292682927,0.3111111111111111,75.0,22415,15725,15290,15725,6690,5.584778547286987,5.47395920753479,0.11081933975219727
30,5000,6,er,linear_sem,16,Standard PC,0.48571428571428565,0.68,0.37777777777777777,72.0,22397,15878,15443,15878,6519,3.893803119659424,3.80495285987854,0.08885025978088379
30,5000,6,er,linear_sem,17,Standard PC,0.4033613445378151,0.8275862068965517,0.26666666666666666,71.0,22043,14141,13706,14141,7902,3.290008306503296,3.206658124923706,0.08335018157958984
30,5000,6,er,linear_sem,18,Standard PC,0.3934426229508197,0.75,0.26666666666666666,74.0,28454,18665,18230,18665,9789,4.349512815475464,4.244040012359619,0.10547280311584473
30,5000,6,er,linear_sem,19,Standard PC,0.4375,0.7368421052631579,0.3111111111111111,72.0,24442,16405,15970,16405,8037,4.5752458572387695,4.46933388710022,0.1059119701385498
30,5000,6,er,linear_sem,20,Standard PC,0.3333333333333333,0.6666666666666666,0.2222222222222222,80.0,25188,17220,16785,17220,7968,5.502681255340576,5.38148307800293,0.12119817733764648
30,5000,6,er,linear_sem,21,Standard PC,0.40310077519379844,0.6666666666666666,0.28888888888888886,77.0,32123,21981,21546,21981,10142,4.414315700531006,4.295256853103638,0.11905884742736816
30,5000,6,er,linear_sem,22,Standard PC,0.359375,0.6052631578947368,0.25555555555555554,82.0,24546,17064,16629,17064,7482,6.4595787525177,6.334566354751587,0.12501239776611328
30,5000,6,er,linear_sem,23,Standard PC,0.360655737704918,0.6875,0.24444444444444444,78.0,21813,15706,15271,15706,6107,4.546377182006836,4.455690622329712,0.09068655967712402
30,5000,6,er,linear_sem,24,Standard PC,0.448,0.8,0.3111111111111111,69.0,21386,14524,14089,14524,6862,1.6641898155212402,1.5996875762939453,0.06450223922729492
30,5000,6,er,linear_sem,25,Standard PC,0.46268656716417905,0.7045454545454546,0.34444444444444444,72.0,20669,14209,13774,14209,6460,2.3196632862091064,2.246729850769043,0.07293343544006348
30,5000,6,er,linear_sem,26,Standard PC,0.36363636363636365,0.7096774193548387,0.24444444444444444,77.0,25185,17401,16966,17401,7784,2.074305772781372,2.0002458095550537,0.07405996322631836
30,5000,6,er,linear_sem,27,Standard PC,0.47244094488188976,0.8108108108108109,0.3333333333333333,67.0,23427,16702,16267,16702,6725,3.5805788040161133,3.4935946464538574,0.08698415756225586
30,5000,6,er,linear_sem,28,Standard PC,0.47826086956521735,0.6875,0.36666666666666664,72.0,21323,14715,14280,14715,6608,3.328991413116455,3.2480573654174805,0.08093404769897461
30,5000,6,er,linear_sem,29,Standard PC,0.42276422764227634,0.7878787878787878,0.28888888888888886,71.0,23227,15485,15050,15485,7742,3.104252815246582,3.0193910598754883,0.08486175537109375
30,5000,6,sf,linear_sem,0,Standard PC,0.6324786324786325,0.8409090909090909,0.5068493150684932,43.0,13311,10124,9689,10124,3187,2.8952476978302,2.831841468811035,0.06340622901916504
30,5000,6,sf,linear_sem,1,Standard PC,0.6178861788617886,0.8444444444444444,0.48717948717948717,47.0,11920,9048,8613,9048,2872,2.3150086402893066,2.2675938606262207,0.04741477966308594
30,5000,6,sf,linear_sem,2,Standard PC,0.6017699115044247,0.8095238095238095,0.4788732394366197,45.0,11477,8458,8023,8458,3019,2.028778076171875,1.9826796054840088,0.04609847068786621
30,5000,6,sf,linear_sem,3,Standard PC,0.49523809523809526,0.7647058823529411,0.36619718309859156,53.0,8818,6815,6380,6815,2003,1.5571396350860596,1.5190186500549316,0.03812098503112793
30,5000,6,sf,linear_sem,4,Standard PC,0.6153846153846153,0.75,0.5217391304347826,45.0,15678,13524,13089,13524,2154,4.230838298797607,4.166999578475952,0.06383872032165527
30,5000,6,sf,linear_sem,5,Standard PC,0.547008547008547,0.7804878048780488,0.42105263157894735,53.0,13925,10481,10046,10481,3444,2.4106967449188232,2.3539907932281494,0.05670595169067383
30,5000,6,sf,linear_sem,6,Standard PC,0.5409836065573771,0.7674418604651163,0.4177215189873418,56.0,14592,11425,10990,11425,3167,4.1528260707855225,4.090660572052002,0.06216549873352051
30,5000,6,sf,linear_sem,7,Standard PC,0.485981308411215,0.7027027027027027,0.37142857142857144,55.0,12545,9726,9291,9726,2819,2.325409173965454,2.274533271789551,0.05087590217590332
30,5000,6,sf,linear_sem,8,Standard PC,0.6719999999999999,0.875,0.5454545454545454,41.0,17992,15358,14923,15358,2634,4.8919477462768555,4.831751346588135,0.0601963996887207
30,5000,6,sf,linear_sem,9,Standard PC,0.49572649572649574,0.6904761904761905,0.38666666666666666,59.0,13966,10578,10143,10578,3388,3.9262983798980713,3.8553998470306396,0.07089853286743164
30,5000,6,sf,linear_sem,10,Standard PC,0.4423076923076923,0.8518518518518519,0.2987012987012987,58.0,10853,7300,6865,7300,3553,2.1223855018615723,2.0791871547698975,0.043198347091674805
30,5000,6,sf,linear_sem,11,Standard PC,0.6909090909090908,0.9047619047619048,0.5588235294117647,34.0,11563,8764,8329,8764,2799,2.9986701011657715,2.9480340480804443,0.05063605308532715
30,5000,6,sf,linear_sem,12,Standard PC,0.6017699115044247,0.8947368421052632,0.4533333333333333,45.0,11871,8485,8050,8485,3386,3.274914264678955,3.216264486312866,0.05864977836608887
30,5000,6,sf,linear_sem,13,Standard PC,0.5405405405405405,0.7894736842105263,0.410958904109589,51.0,15186,11162,10727,11162,4024,3.0685973167419434,3.005631446838379,0.06296586990356445
30,5000,6,sf,linear_sem,14,Standard PC,0.5625,0.6545454545454545,0.4931506849315068,56.0,15011,12342,11907,12342,2669,3.836549758911133,3.7653608322143555,0.07118892669677734
30,5000,6,sf,linear_sem,15,Standard PC,0.5794392523364487,0.8157894736842105,0.4492753623188406,45.0,8178,5594,5159,5594,2584,1.4237167835235596,1.3842484951019287,0.03946828842163086
30,5000,6,sf,linear_sem,16,Standard PC,0.4864864864864865,0.7297297297297297,0.36486486486486486,57.0,14031,10245,9810,10245,3786,2.740163803100586,2.6843466758728027,0.0558171272277832
30,5000,6,sf,linear_sem,17,Standard PC,0.5203252032520326,0.6956521739130435,0.4155844155844156,59.0,13039,10046,9611,10046,2993,1.7933237552642822,1.741241693496704,0.052082061767578125
30,5000,6,sf,linear_sem,18,Standard PC,0.5862068965517242,0.8095238095238095,0.4594594594594595,48.0,9399,7231,6796,7231,2168,2.558840036392212,2.5131640434265137,0.04567599296569824
30,5000,6,sf,linear_sem,19,Standard PC,0.5245901639344263,0.7441860465116279,0.4050632911392405,58.0,15749,11749,11314,11749,4000,2.1501662731170654,2.090895891189575,0.059270381927490234
30,5000,6,sf,linear_sem,20,Standard PC,0.5423728813559321,0.8,0.41025641025641024,54.0,9710,7293,6858,7293,2417,1.202965497970581,1.164414882659912,0.038550615310668945
30,5000,6,sf,linear_sem,21,Standard PC,0.6126126126126126,0.918918918918919,0.4594594594594595,43.0,13142,9227,8792,9227,3915,2.946598529815674,2.887880802154541,0.05871772766113281
30,5000,6,sf,linear_sem,22,Standard PC,0.5378151260504201,0.8205128205128205,0.4,55.0,15545,11122,10687,11122,4423,3.2991058826446533,3.2458555698394775,0.05325031280517578
30,5000,6,sf,linear_sem,23,Standard PC,0.5811965811965812,0.7906976744186046,0.4594594594594595,49.0,10417,8094,7659,8094,2323,1.535759687423706,1.4906482696533203,0.04511141777038574
30,5000,6,sf,linear_sem,24,Standard PC,0.6446280991735538,0.8666666666666667,0.5131578947368421,43.0,10367,7904,7469,7904,2463,2.6810436248779297,2.630751609802246,0.050292015075683594
30,5000,6,sf,linear_sem,25,Standard PC,0.7419354838709677,0.8679245283018868,0.647887323943662,32.0,14793,12713,12278,12713,2080,2.478504180908203,2.4213316440582275,0.057172536849975586
30,5000,6,sf,linear_sem,26,Standard PC,0.5217391304347826,0.8108108108108109,0.38461538461538464,55.0,12569,8854,8419,8854,3715,1.7625024318695068,1.7130475044250488,0.04945492744445801
30,5000,6,sf,linear_sem,27,Standard PC,0.5499999999999999,0.7021276595744681,0.4520547945205479,54.0,13311,10446,10011,10446,2865,2.877666711807251,2.815748453140259,0.06191825866699219
30,5000,6,sf,linear_sem,28,Standard PC,0.6071428571428571,0.8717948717948718,0.4657534246575342,44.0,9194,7217,6782,7217,1977,1.3705477714538574,1.3311827182769775,0.03936505317687988
30,5000,6,sf,linear_sem,29,Standard PC,0.5225225225225226,0.8529411764705882,0.37662337662337664,53.0,11972,9037,8602,9037,2935,1.368753433227539,1.3204429149627686,0.04831051826477051
30,5000,6,er,linear_sem,0,DF-PC (Pure),0.4,0.7142857142857143,0.2777777777777778,75.0,23194,14434,13999,14434,8760,6.591057777404785,6.227085828781128,0.3639719486236572
30,5000,6,er,linear_sem,1,DF-PC (Pure),0.4651162790697674,0.7692307692307693,0.3333333333333333,69.0,28259,17741,17306,17741,10518,6.9617390632629395,6.594506740570068,0.3672323226928711
30,5000,6,er,linear_sem,2,DF-PC (Pure),0.4,0.7142857142857143,0.2777777777777778,75.0,23963,14608,14173,14608,9355,7.7956931591033936,7.379082441329956,0.4166107177734375
30,5000,6,er,linear_sem,3,DF-PC (Pure),0.432,0.7714285714285715,0.3,71.0,21986,13038,12603,13038,8948,2.5048105716705322,2.1358532905578613,0.3689572811126709
30,5000,6,er,linear_sem,4,DF-PC (Pure),0.3389830508474576,0.7142857142857143,0.2222222222222222,78.0,21876,13594,13159,13594,8282,7.203687429428101,6.8093860149383545,0.3943014144897461
30,5000,6,er,linear_sem,5,DF-PC (Pure),0.48854961832061067,0.7804878048780488,0.35555555555555557,67.0,27046,17028,16593,17028,10018,10.369730949401855,9.77028751373291,0.5994434356689453
30,5000,6,er,linear_sem,6,DF-PC (Pure),0.38655462184873945,0.7931034482758621,0.25555555555555554,73.0,29345,18516,18081,18516,10829,2.791059732437134,2.4149329662323,0.376126766204834
30,5000,6,er,linear_sem,7,DF-PC (Pure),0.4888888888888889,0.7333333333333333,0.36666666666666664,69.0,21441,12758,12323,12758,8683,3.0919060707092285,2.775392770767212,0.3165132999420166
30,5000,6,er,linear_sem,8,DF-PC (Pure),0.40625,0.6842105263157895,0.28888888888888886,76.0,27481,17201,16766,17201,10280,7.018747806549072,6.571117401123047,0.4476304054260254
30,5000,6,er,linear_sem,9,DF-PC (Pure),0.5076923076923078,0.8048780487804879,0.3707865168539326,64.0,19112,11267,10832,11267,7845,3.027696132659912,2.761601448059082,0.2660946846008301
30,5000,6,er,linear_sem,10,DF-PC (Pure),0.46153846153846156,0.75,0.3333333333333333,70.0,26149,16271,15836,16271,9878,9.01274561882019,8.54926609992981,0.46347951889038086
30,5000,6,er,linear_sem,11,DF-PC (Pure),0.5074626865671641,0.7391304347826086,0.38636363636363635,66.0,23730,14434,13999,14434,9296,4.23222804069519,3.886305332183838,0.34592270851135254
30,5000,6,er,linear_sem,12,DF-PC (Pure),0.421875,0.7105263157894737,0.3,74.0,27550,17452,17017,17452,10098,10.72358250617981,10.209634780883789,0.5139477252960205
30,5000,6,er,linear_sem,13,DF-PC (Pure),0.3389830508474576,0.7142857142857143,0.2222222222222222,78.0,23535,14229,13794,14229,9306,9.385305881500244,8.974377155303955,0.41092872619628906
30,5000,6,er,linear_sem,14,DF-PC (Pure),0.523076923076923,0.85,0.37777777777777777,62.0,20466,12117,11682,12117,8349,8.338236808776855,7.968566179275513,0.3696706295013428
30,5000,6,er,linear_sem,15,DF-PC (Pure),0.42748091603053434,0.6829268292682927,0.3111111111111111,75.0,22417,13779,13344,13779,8638,7.807493209838867,7.394694089889526,0.4127991199493408
30,5000,6,er,linear_sem,16,DF-PC (Pure),0.48571428571428565,0.68,0.37777777777777777,72.0,22397,13780,13345,13780,8617,7.672339916229248,7.259234189987183,0.41310572624206543
30,5000,6,er,linear_sem,17,DF-PC (Pure),0.4033613445378151,0.8275862068965517,0.26666666666666666,71.0,22054,13013,12578,13013,9041,6.340305328369141,5.980959415435791,0.3593459129333496
30,5000,6,er,linear_sem,18,DF-PC (Pure),0.3934426229508197,0.75,0.26666666666666666,74.0,28467,17915,17480,17915,10552,4.868857383728027,4.443518400192261,0.4253389835357666
30,5000,6,er,linear_sem,19,DF-PC (Pure),0.4375,0.7368421052631579,0.3111111111111111,72.0,24600,15158,14723,15158,9442,3.5132522583007812,3.147754192352295,0.36549806594848633
30,5000,6,er,linear_sem,20,DF-PC (Pure),0.3333333333333333,0.6666666666666666,0.2222222222222222,80.0,25294,15445,15010,15445,9849,7.8399598598480225,7.400187015533447,0.4397728443145752
30,5000,6,er,linear_sem,21,DF-PC (Pure),0.40310077519379844,0.6666666666666666,0.28888888888888886,77.0,32181,20751,20316,20751,11430,11.245023488998413,10.658049583435059,0.5869739055633545
30,5000,6,er,linear_sem,22,DF-PC (Pure),0.359375,0.6052631578947368,0.25555555555555554,82.0,24603,15307,14872,15307,9296,6.812747955322266,6.386003017425537,0.4267449378967285
30,5000,6,er,linear_sem,23,DF-PC (Pure),0.360655737704918,0.6875,0.24444444444444444,78.0,21824,13632,13197,13632,8192,6.040170192718506,5.695018529891968,0.3451516628265381
30,5000,6,er,linear_sem,24,DF-PC (Pure),0.448,0.8,0.3111111111111111,69.0,21389,12626,12191,12626,8763,2.479175329208374,2.1943559646606445,0.2848193645477295
30,5000,6,er,linear_sem,25,DF-PC (Pure),0.46268656716417905,0.7045454545454546,0.34444444444444444,72.0,20880,12697,12262,12697,8183,2.165008068084717,1.897547960281372,0.2674601078033447
30,5000,6,er,linear_sem,26,DF-PC (Pure),0.3770491803278688,0.71875,0.25555555555555554,76.0,25449,15900,15465,15900,9549,3.805133819580078,3.4314639568328857,0.3736698627471924
30,5000,6,er,linear_sem,27,DF-PC (Pure),0.47244094488188976,0.8108108108108109,0.3333333333333333,67.0,23429,14497,14062,14497,8932,3.035001754760742,2.696176767349243,0.338824987411499
30,5000,6,er,linear_sem,28,DF-PC (Pure),0.47826086956521735,0.6875,0.36666666666666664,72.0,21378,13177,12742,13177,8201,2.6495392322540283,2.328564405441284,0.32097482681274414
30,5000,6,er,linear_sem,29,DF-PC (Pure),0.42276422764227634,0.7878787878787878,0.28888888888888886,71.0,23342,14392,13957,14392,8950,3.3348300457000732,2.9986774921417236,0.3361525535583496
30,5000,6,sf,linear_sem,0,DF-PC (Pure),0.6271186440677966,0.8222222222222222,0.5068493150684932,44.0,13336,7409,6974,7409,5927,1.8447861671447754,1.6237661838531494,0.22101998329162598
30,5000,6,sf,linear_sem,1,DF-PC (Pure),0.6178861788617886,0.8444444444444444,0.48717948717948717,47.0,12141,6687,6252,6687,5454,1.3500463962554932,1.1594674587249756,0.19057893753051758
30,5000,6,sf,linear_sem,2,DF-PC (Pure),0.6017699115044247,0.8095238095238095,0.4788732394366197,45.0,11477,5995,5560,5995,5482,0.9966402053833008,0.8459994792938232,0.15064072608947754
30,5000,6,sf,linear_sem,3,DF-PC (Pure),0.49523809523809526,0.7647058823529411,0.36619718309859156,53.0,8964,4459,4024,4459,4505,0.7160196304321289,0.5915505886077881,0.12446904182434082
30,5000,6,sf,linear_sem,4,DF-PC (Pure),0.6153846153846153,0.75,0.5217391304347826,45.0,15681,6082,5647,6082,9599,2.068209648132324,1.5898408889770508,0.47836875915527344
30,5000,6,sf,linear_sem,5,DF-PC (Pure),0.547008547008547,0.7804878048780488,0.42105263157894735,53.0,13944,7550,7115,7550,6394,1.8157622814178467,1.6004366874694824,0.21532559394836426
30,5000,6,sf,linear_sem,6,DF-PC (Pure),0.5409836065573771,0.7674418604651163,0.4177215189873418,56.0,14608,8238,7803,8238,6370,1.6267404556274414,1.3869469165802002,0.2397935390472412
30,5000,6,sf,linear_sem,7,DF-PC (Pure),0.485981308411215,0.7027027027027027,0.37142857142857144,55.0,12545,7121,6686,7121,5424,4.844439268112183,4.5794126987457275,0.2650265693664551
30,5000,6,sf,linear_sem,8,DF-PC (Pure),0.6719999999999999,0.875,0.5454545454545454,41.0,17994,7373,6938,7373,10621,2.557755708694458,2.017958641052246,0.5397970676422119
30,5000,6,sf,linear_sem,9,DF-PC (Pure),0.49572649572649574,0.6904761904761905,0.38666666666666666,59.0,13976,7691,7256,7691,6285,4.231885194778442,3.9907774925231934,0.24110770225524902
30,5000,6,sf,linear_sem,10,DF-PC (Pure),0.4339622641509434,0.7931034482758621,0.2987012987012987,60.0,11209,6068,5633,6068,5141,1.2866265773773193,1.125234842300415,0.1613917350769043
30,5000,6,sf,linear_sem,11,DF-PC (Pure),0.6909090909090908,0.9047619047619048,0.5588235294117647,34.0,11563,6260,5825,6260,5303,1.365067958831787,1.179985523223877,0.18508243560791016
30,5000,6,sf,linear_sem,12,DF-PC (Pure),0.591304347826087,0.85,0.4533333333333333,47.0,12036,6578,6143,6578,5458,2.1992344856262207,2.0175271034240723,0.18170738220214844
30,5000,6,sf,linear_sem,13,DF-PC (Pure),0.5535714285714286,0.7948717948717948,0.4246575342465753,50.0,15830,8622,8187,8622,7208,3.8034422397613525,3.531217575073242,0.27222466468811035
30,5000,6,sf,linear_sem,14,DF-PC (Pure),0.5625,0.6545454545454545,0.4931506849315068,56.0,15019,7440,7005,7440,7579,2.6688268184661865,2.3609249591827393,0.30790185928344727
30,5000,6,sf,linear_sem,15,DF-PC (Pure),0.574074074074074,0.7948717948717948,0.4492753623188406,46.0,8225,4387,3952,4387,3838,1.47780179977417,1.3592267036437988,0.1185750961303711
30,5000,6,sf,linear_sem,16,DF-PC (Pure),0.5,0.7368421052631579,0.3783783783783784,56.0,14090,7936,7501,7936,6154,3.397313356399536,3.070338726043701,0.32697463035583496
30,5000,6,sf,linear_sem,17,DF-PC (Pure),0.5203252032520326,0.6956521739130435,0.4155844155844156,59.0,13088,6597,6162,6597,6491,2.1045093536376953,1.9004278182983398,0.20408153533935547
30,5000,6,sf,linear_sem,18,DF-PC (Pure),0.5739130434782609,0.8048780487804879,0.44594594594594594,49.0,9489,4616,4181,4616,4873,2.584141492843628,2.420017957687378,0.16412353515625
30,5000,6,sf,linear_sem,19,DF-PC (Pure),0.5245901639344263,0.7441860465116279,0.4050632911392405,58.0,16093,9130,8695,9130,6963,3.2907795906066895,3.019726276397705,0.2710533142089844
30,5000,6,sf,linear_sem,20,DF-PC (Pure),0.5378151260504201,0.7804878048780488,0.41025641025641024,55.0,9899,5158,4723,5158,4741,2.698617696762085,2.526839256286621,0.17177844047546387
30,5000,6,sf,linear_sem,21,DF-PC (Pure),0.6126126126126126,0.918918918918919,0.4594594594594595,43.0,13224,7451,7016,7451,5773,1.4359643459320068,1.2486398220062256,0.18732452392578125
30,5000,6,sf,linear_sem,22,DF-PC (Pure),0.5378151260504201,0.8205128205128205,0.4,55.0,15548,9048,8613,9048,6500,3.3594350814819336,3.1157736778259277,0.24366140365600586
30,5000,6,sf,linear_sem,23,DF-PC (Pure),0.5811965811965812,0.7906976744186046,0.4594594594594595,49.0,10435,5356,4921,5356,5079,1.766420841217041,1.5966711044311523,0.16974973678588867
30,5000,6,sf,linear_sem,24,DF-PC (Pure),0.639344262295082,0.8478260869565217,0.5131578947368421,44.0,10698,5504,5069,5504,5194,1.4121475219726562,1.242469072341919,0.1696784496307373
30,5000,6,sf,linear_sem,25,DF-PC (Pure),0.7419354838709677,0.8679245283018868,0.647887323943662,32.0,14951,8040,7605,8040,6911,2.9888436794281006,2.6148386001586914,0.3740050792694092
30,5000,6,sf,linear_sem,26,DF-PC (Pure),0.5217391304347826,0.8108108108108109,0.38461538461538464,55.0,12699,7095,6660,7095,5604,1.6136138439178467,1.4331870079040527,0.18042683601379395
30,5000,6,sf,linear_sem,27,DF-PC (Pure),0.5454545454545454,0.6875,0.4520547945205479,55.0,13400,6882,6447,6882,6518,2.9270853996276855,2.6837973594665527,0.2432880401611328
30,5000,6,sf,linear_sem,28,DF-PC (Pure),0.631578947368421,0.8780487804878049,0.4931506849315068,42.0,9407,4538,4103,4538,4869,1.4409215450286865,1.2833881378173828,0.1575334072113037
30,5000,6,sf,linear_sem,29,DF-PC (Pure),0.5225225225225226,0.8529411764705882,0.37662337662337664,53.0,12053,6683,6248,6683,5370,1.0328388214111328,0.8593964576721191,0.17344236373901367
30,5000,6,er,discrete,0,Standard PC,0.3018867924528302,1.0,0.17777777777777778,74.0,1029,583,148,583,446,0.14858770370483398,0.13953161239624023,0.00905609130859375
30,5000,6,er,discrete,1,Standard PC,0.2692307692307693,1.0,0.15555555555555556,76.0,1017,580,145,580,437,0.14845538139343262,0.13953113555908203,0.008924245834350586
30,5000,6,er,discrete,2,Standard PC,0.26666666666666666,0.9333333333333333,0.15555555555555556,77.0,1032,594,159,594,438,0.14757585525512695,0.1385190486907959,0.009056806564331055
30,5000,6,er,discrete,3,Standard PC,0.37837837837837834,1.0,0.23333333333333334,69.0,1227,771,336,771,456,0.18163347244262695,0.17189383506774902,0.00973963737487793
30,5000,6,er,discrete,4,Standard PC,0.25,0.9285714285714286,0.14444444444444443,78.0,944,507,72,507,437,0.13228940963745117,0.12351584434509277,0.008773565292358398
30,5000,6,er,discrete,5,Standard PC,0.375,0.9545454545454546,0.23333333333333334,70.0,1075,625,190,625,450,0.268949031829834,0.2524752616882324,0.016473770141601562
30,5000,6,er,discrete,6,Standard PC,0.33333333333333337,1.0,0.2,72.0,1023,583,148,583,440,0.1422111988067627,0.13333368301391602,0.00887751579284668
30,5000,6,er,discrete,7,Standard PC,0.3018867924528302,1.0,0.17777777777777778,74.0,1035,595,160,595,440,0.2207622528076172,0.20839881896972656,0.012363433837890625
30,5000,6,er,discrete,8,Standard PC,0.3177570093457944,1.0,0.18888888888888888,73.0,1093,651,216,651,442,0.15850305557250977,0.14926671981811523,0.009236335754394531
30,5000,6,er,discrete,9,Standard PC,0.25490196078431376,1.0,0.14606741573033707,76.0,956,521,86,521,435,0.13222908973693848,0.12332558631896973,0.00890350341796875
30,5000,6,er,discrete,10,Standard PC,0.34545454545454546,0.95,0.2111111111111111,72.0,1102,662,227,662,440,0.16439414024353027,0.1546168327331543,0.009777307510375977
30,5000,6,er,discrete,11,Standard PC,0.3238095238095238,1.0,0.19318181818181818,71.0,997,556,121,556,441,0.12702655792236328,0.11845660209655762,0.008569955825805664
30,5000,6,er,discrete,12,Standard PC,0.39285714285714285,1.0,0.24444444444444444,68.0,1167,718,283,718,449,0.1843574047088623,0.17395973205566406,0.010397672653198242
30,5000,6,er,discrete,13,Standard PC,0.3148148148148148,0.9444444444444444,0.18888888888888888,74.0,1000,565,130,565,435,0.1244654655456543,0.11609745025634766,0.00836801528930664
30,5000,6,er,discrete,14,Standard PC,0.2524271844660194,1.0,0.14444444444444443,77.0,1023,585,150,585,438,0.25208377838134766,0.23641395568847656,0.015669822692871094
30,5000,6,er,discrete,15,Standard PC,0.33333333333333337,1.0,0.2,72.0,1052,614,179,614,438,0.1467454433441162,0.13787293434143066,0.008872509002685547
30,5000,6,er,discrete,16,Standard PC,0.33333333333333337,1.0,0.2,72.0,978,540,105,540,438,0.13174915313720703,0.12274360656738281,0.009005546569824219
30,5000,6,er,discrete,17,Standard PC,0.3177570093457944,1.0,0.18888888888888888,73.0,1032,591,156,591,441,0.13461017608642578,0.12590837478637695,0.008701801300048828
30,5000,6,er,discrete,18,Standard PC,0.3486238532110092,1.0,0.2111111111111111,71.0,1073,631,196,631,442,0.16624069213867188,0.15622568130493164,0.010015010833740234
30,5000,6,er,discrete,19,Standard PC,0.3018867924528302,1.0,0.17777777777777778,74.0,991,553,118,553,438,0.13113141059875488,0.12248349189758301,0.008647918701171875
30,5000,6,er,discrete,20,Standard PC,0.3486238532110092,1.0,0.2111111111111111,71.0,1089,638,203,638,451,0.15063095092773438,0.14154839515686035,0.009082555770874023
30,5000,6,er,discrete,21,Standard PC,0.3636363636363636,1.0,0.2222222222222222,70.0,1158,715,280,715,443,0.16258907318115234,0.153822660446167,0.008766412734985352
30,5000,6,er,discrete,22,Standard PC,0.3177570093457944,1.0,0.18888888888888888,73.0,1051,616,181,616,435,0.14815926551818848,0.1392078399658203,0.008951425552368164
30,5000,6,er,discrete,23,Standard PC,0.2857142857142857,1.0,0.16666666666666666,75.0,984,544,109,544,440,0.12462067604064941,0.11589384078979492,0.008726835250854492
30,5000,6,er,discrete,24,Standard PC,0.3177570093457944,1.0,0.18888888888888888,73.0,1140,694,259,694,446,0.16011834144592285,0.15118932723999023,0.008929014205932617
30,5000,6,er,discrete,25,Standard PC,0.2857142857142857,1.0,0.16666666666666666,75.0,1068,627,192,627,441,0.15667009353637695,0.1471726894378662,0.009497404098510742
30,5000,6,er,discrete,26,Standard PC,0.21568627450980393,0.9166666666666666,0.12222222222222222,80.0,1010,570,135,570,440,0.13512873649597168,0.1265108585357666,0.008617877960205078
30,5000,6,er,discrete,27,Standard PC,0.33333333333333337,1.0,0.2,72.0,1062,617,182,617,445,0.14295315742492676,0.13396310806274414,0.008990049362182617
30,5000,6,er,discrete,28,Standard PC,0.33333333333333337,1.0,0.2,72.0,1007,565,130,565,442,0.13673901557922363,0.12781596183776855,0.008923053741455078
30,5000,6,er,discrete,29,Standard PC,0.33333333333333337,1.0,0.2,72.0,1104,659,224,659,445,0.15038323402404785,0.1411592960357666,0.00922393798828125
30,5000,6,sf,discrete,0,Standard PC,0.35555555555555557,0.9411764705882353,0.2191780821917808,58.0,936,498,63,498,438,0.11746835708618164,0.10885787010192871,0.00861048698425293
30,5000,6,sf,discrete,1,Standard PC,0.30434782608695654,1.0,0.1794871794871795,64.0,913,476,41,476,437,0.1149144172668457,0.10631871223449707,0.008595705032348633
30,5000,6,sf,discrete,2,Standard PC,0.3058823529411765,0.9285714285714286,0.18309859154929578,59.0,941,502,67,502,439,0.11784672737121582,0.10909509658813477,0.008751630783081055
30,5000,6,sf,discrete,3,Standard PC,0.3488372093023256,1.0,0.2112676056338028,56.0,912,477,42,477,435,0.10852646827697754,0.10031843185424805,0.008208036422729492
30,5000,6,sf,discrete,4,Standard PC,0.27499999999999997,1.0,0.15942028985507245,58.0,922,482,47,482,440,0.1187283992767334,0.11004757881164551,0.00868082046508789
30,5000,6,sf,discrete,5,Standard PC,0.26966292134831454,0.9230769230769231,0.15789473684210525,65.0,920,485,50,485,435,0.06387162208557129,0.05904221534729004,0.00482940673828125
30,5000,6,sf,discrete,6,Standard PC,0.22471910112359553,1.0,0.12658227848101267,69.0,898,463,28,463,435,0.10544061660766602,0.09752583503723145,0.00791478157043457
30,5000,6,sf,discrete,7,Standard PC,0.4044943820224719,0.9473684210526315,0.2571428571428571,53.0,959,521,86,521,438,0.11512970924377441,0.10672640800476074,0.008403301239013672
30,5000,6,sf,discrete,8,Standard PC,0.28571428571428575,0.9285714285714286,0.16883116883116883,65.0,938,500,65,500,438,0.06771612167358398,0.06265974044799805,0.0050563812255859375
30,5000,6,sf,discrete,9,Standard PC,0.3870967741935484,1.0,0.24,57.0,941,506,71,506,435,0.11166524887084961,0.10327816009521484,0.008387088775634766
30,5000,6,sf,discrete,10,Standard PC,0.3404255319148936,0.9411764705882353,0.2077922077922078,62.0,944,506,71,506,438,0.10928916931152344,0.10119509696960449,0.008094072341918945
30,5000,6,sf,discrete,11,Standard PC,0.32098765432098764,1.0,0.19117647058823528,55.0,929,494,59,494,435,0.11353850364685059,0.10522127151489258,0.008317232131958008
30,5000,6,sf,discrete,12,Standard PC,0.2325581395348837,0.9090909090909091,0.13333333333333333,66.0,945,508,73,508,437,0.1177067756652832,0.1094052791595459,0.008301496505737305
30,5000,6,sf,discrete,13,Standard PC,0.37777777777777777,1.0,0.2328767123287671,56.0,1003,566,131,566,437,0.1391913890838623,0.12993216514587402,0.009259223937988281
30,5000,6,sf,discrete,14,Standard PC,0.37777777777777777,1.0,0.2328767123287671,56.0,937,496,61,496,441,0.06775522232055664,0.06269478797912598,0.005060434341430664
30,5000,6,sf,discrete,15,Standard PC,0.4318181818181819,1.0,0.2753623188405797,50.0,965,527,92,527,438,0.11887860298156738,0.11025714874267578,0.008621454238891602
30,5000,6,sf,discrete,16,Standard PC,0.35555555555555557,1.0,0.21621621621621623,58.0,975,537,102,537,438,0.07557797431945801,0.07032275199890137,0.005255222320556641
30,5000,6,sf,discrete,17,Standard PC,0.3958333333333333,1.0,0.24675324675324675,58.0,944,506,71,506,438,0.07525944709777832,0.06969404220581055,0.0055654048919677734
30,5000,6,sf,discrete,18,Standard PC,0.2988505747126437,1.0,0.17567567567567569,61.0,916,478,43,478,438,0.061681270599365234,0.05710315704345703,0.004578113555908203
30,5000,6,sf,discrete,19,Standard PC,0.3010752688172043,1.0,0.17721518987341772,65.0,960,525,90,525,435,0.07492375373840332,0.06956243515014648,0.005361318588256836
30,5000,6,sf,discrete,20,Standard PC,0.2608695652173913,0.8571428571428571,0.15384615384615385,68.0,934,497,62,497,437,0.06627821922302246,0.061251163482666016,0.005027055740356445
30,5000,6,sf,discrete,21,Standard PC,0.391304347826087,1.0,0.24324324324324326,56.0,947,509,74,509,438,0.06395077705383301,0.05922675132751465,0.004724025726318359
30,5000,6,sf,discrete,22,Standard PC,0.326530612244898,0.8888888888888888,0.2,66.0,962,521,86,521,441,0.06916403770446777,0.06411170959472656,0.005052328109741211
30,5000,6,sf,discrete,23,Standard PC,0.3181818181818182,1.0,0.1891891891891892,60.0,912,474,39,474,438,0.057245492935180664,0.052748918533325195,0.004496574401855469
30,5000,6,sf,discrete,24,Standard PC,0.3655913978494624,1.0,0.2236842105263158,59.0,946,508,73,508,438,0.06128716468811035,0.05662870407104492,0.00465846061706543
30,5000,6,sf,discrete,25,Standard PC,0.26829268292682923,1.0,0.15492957746478872,60.0,904,466,31,466,438,0.05924487113952637,0.05463838577270508,0.004606485366821289
30,5000,6,sf,discrete,26,Standard PC,0.3578947368421052,1.0,0.21794871794871795,61.0,923,483,48,483,440,0.059493064880371094,0.05484437942504883,0.004648685455322266
30,5000,6,sf,discrete,27,Standard PC,0.2823529411764706,1.0,0.1643835616438356,61.0,921,486,51,486,435,0.06220865249633789,0.05735158920288086,0.004857063293457031
30,5000,6,sf,discrete,28,Standard PC,0.3595505617977528,1.0,0.2191780821917808,57.0,913,476,41,476,437,0.06374168395996094,0.058428287506103516,0.005313396453857422
30,5000,6,sf,discrete,29,Standard PC,0.14457831325301204,1.0,0.07792207792207792,71.0,907,472,37,472,435,0.06584501266479492,0.06082606315612793,0.005018949508666992
30,5000,6,er,discrete,0,DF-PC (Pure),0.4369747899159664,0.896551724137931,0.28888888888888886,67.0,1175,455,20,455,720,0.11547517776489258,0.09976959228515625,0.015705585479736328
30,5000,6,er,discrete,1,DF-PC (Pure),0.44444444444444436,0.9629629629629629,0.28888888888888886,65.0,2061,438,3,438,1623,0.22501373291015625,0.10431575775146484,0.1206979751586914
30,5000,6,er,discrete,2,DF-PC (Pure),0.35897435897435903,0.7777777777777778,0.23333333333333334,75.0,1222,438,3,438,784,0.12280774116516113,0.1058504581451416,0.01695728302001953
30,5000,6,er,discrete,3,DF-PC (Pure),0.5245901639344263,1.0,0.35555555555555557,58.0,1530,488,53,488,1042,0.11251640319824219,0.0935056209564209,0.01901078224182129
30,5000,6,er,discrete,4,DF-PC (Pure),0.31578947368421056,0.75,0.2,78.0,1098,438,3,438,660,0.10108470916748047,0.08760786056518555,0.013476848602294922
30,5000,6,er,discrete,5,DF-PC (Pure),0.467741935483871,0.8529411764705882,0.32222222222222224,66.0,1313,458,23,458,855,0.1129751205444336,0.09430408477783203,0.018671035766601562
30,5000,6,er,discrete,6,DF-PC (Pure),0.5,0.9117647058823529,0.34444444444444444,62.0,1218,446,11,446,772,0.11452698707580566,0.09690046310424805,0.017626523971557617
30,5000,6,er,discrete,7,DF-PC (Pure),0.42372881355932207,0.8928571428571429,0.2777777777777778,68.0,1336,441,6,441,895,0.10816311836242676,0.08943510055541992,0.018728017807006836
30,5000,6,er,discrete,8,DF-PC (Pure),0.45378151260504207,0.9310344827586207,0.3,65.0,1345,447,12,447,898,0.12443757057189941,0.10413146018981934,0.020306110382080078
30,5000,6,er,discrete,9,DF-PC (Pure),0.4,0.8846153846153846,0.25842696629213485,69.0,1095,435,0,435,660,0.10312581062316895,0.0887746810913086,0.014351129531860352
30,5000,6,er,discrete,10,DF-PC (Pure),0.5161290322580645,0.9411764705882353,0.35555555555555557,60.0,1331,445,10,445,886,0.12972092628479004,0.10996794700622559,0.019752979278564453
30,5000,6,er,discrete,11,DF-PC (Pure),0.4482758620689656,0.9285714285714286,0.29545454545454547,64.0,1080,441,6,441,639,0.10226178169250488,0.08792328834533691,0.014338493347167969
30,5000,6,er,discrete,12,DF-PC (Pure),0.49586776859504134,0.967741935483871,0.3333333333333333,61.0,1337,460,25,460,877,0.11086249351501465,0.09291672706604004,0.01794576644897461
30,5000,6,er,discrete,13,DF-PC (Pure),0.44444444444444436,0.9629629629629629,0.28888888888888886,65.0,1083,435,0,435,648,0.10031819343566895,0.08673214912414551,0.013586044311523438
30,5000,6,er,discrete,14,DF-PC (Pure),0.46280991735537197,0.9032258064516129,0.3111111111111111,65.0,1174,438,3,438,736,0.10633015632629395,0.09116077423095703,0.015169382095336914
30,5000,6,er,discrete,15,DF-PC (Pure),0.42372881355932207,0.8928571428571429,0.2777777777777778,68.0,1182,438,3,438,744,0.12103724479675293,0.10428833961486816,0.016748905181884766
30,5000,6,er,discrete,16,DF-PC (Pure),0.44067796610169485,0.9285714285714286,0.28888888888888886,66.0,1123,438,3,438,685,0.11051368713378906,0.09521365165710449,0.01530003547668457
30,5000,6,er,discrete,17,DF-PC (Pure),0.4715447154471545,0.8787878787878788,0.32222222222222224,65.0,1518,441,6,441,1077,0.11469197273254395,0.08947896957397461,0.025213003158569336
30,5000,6,er,discrete,18,DF-PC (Pure),0.4640000000000001,0.8285714285714286,0.32222222222222224,67.0,1494,452,17,452,1042,0.23088908195495605,0.18628525733947754,0.044603824615478516
30,5000,6,er,discrete,19,DF-PC (Pure),0.4070796460176991,1.0,0.25555555555555554,67.0,1051,438,3,438,613,0.1066141128540039,0.0934748649597168,0.01313924789428711
30,5000,6,er,discrete,20,DF-PC (Pure),0.5161290322580645,0.9411764705882353,0.35555555555555557,60.0,1422,461,26,461,961,0.1200258731842041,0.10038208961486816,0.019643783569335938
30,5000,6,er,discrete,21,DF-PC (Pure),0.512,0.9142857142857143,0.35555555555555557,61.0,1978,449,14,449,1529,0.12861227989196777,0.09351444244384766,0.03509783744812012
30,5000,6,er,discrete,22,DF-PC (Pure),0.5079365079365079,0.8888888888888888,0.35555555555555557,62.0,1244,435,0,435,809,0.17506122589111328,0.15515875816345215,0.019902467727661133
30,5000,6,er,discrete,23,DF-PC (Pure),0.44067796610169485,0.9285714285714286,0.28888888888888886,66.0,1095,441,6,441,654,0.10512042045593262,0.09056425094604492,0.014556169509887695
30,5000,6,er,discrete,24,DF-PC (Pure),0.4201680672268907,0.8620689655172413,0.2777777777777778,69.0,1615,452,17,452,1163,0.12164616584777832,0.09590029716491699,0.025745868682861328
30,5000,6,er,discrete,25,DF-PC (Pure),0.459016393442623,0.875,0.3111111111111111,66.0,1204,441,6,441,763,0.10944628715515137,0.09383845329284668,0.015607833862304688
30,5000,6,er,discrete,26,DF-PC (Pure),0.4067796610169491,0.8571428571428571,0.26666666666666666,70.0,1185,444,9,444,741,0.10979461669921875,0.09462928771972656,0.015165328979492188
30,5000,6,er,discrete,27,DF-PC (Pure),0.4715447154471545,0.8787878787878788,0.32222222222222224,65.0,1533,450,15,450,1083,0.12144923210144043,0.0973196029663086,0.024129629135131836
30,5000,6,er,discrete,28,DF-PC (Pure),0.42372881355932207,0.8928571428571429,0.2777777777777778,68.0,1102,446,11,446,656,0.10891532897949219,0.09485483169555664,0.014060497283935547
30,5000,6,er,discrete,29,DF-PC (Pure),0.42372881355932207,0.8928571428571429,0.2777777777777778,68.0,1696,450,15,450,1246,0.12494301795959473,0.09847831726074219,0.02646470069885254
30,5000,6,sf,discrete,0,DF-PC (Pure),0.4123711340206186,0.8333333333333334,0.273972602739726,57.0,991,438,3,438,553,0.09919238090515137,0.08687090873718262,0.01232147216796875
30,5000,6,sf,discrete,1,DF-PC (Pure),0.3368421052631579,0.9411764705882353,0.20512820512820512,63.0,917,438,3,438,479,0.1019132137298584,0.09092140197753906,0.010991811752319336
30,5000,6,sf,discrete,2,DF-PC (Pure),0.39999999999999997,0.7916666666666666,0.2676056338028169,57.0,990,441,6,441,549,0.1085660457611084,0.09582638740539551,0.01273965835571289
30,5000,6,sf,discrete,3,DF-PC (Pure),0.3695652173913044,0.8095238095238095,0.23943661971830985,58.0,941,435,0,435,506,0.06020641326904297,0.053186655044555664,0.007019758224487305
30,5000,6,sf,discrete,4,DF-PC (Pure),0.41379310344827586,1.0,0.2608695652173913,51.0,937,441,6,441,496,0.10302877426147461,0.0911405086517334,0.011888265609741211
30,5000,6,sf,discrete,5,DF-PC (Pure),0.3191489361702128,0.8333333333333334,0.19736842105263158,64.0,959,435,0,435,524,0.1028141975402832,0.09059453010559082,0.012219667434692383
30,5000,6,sf,discrete,6,DF-PC (Pure),0.25,0.7058823529411765,0.1518987341772152,72.0,911,435,0,435,476,0.1062157154083252,0.09448981285095215,0.011725902557373047
30,5000,6,sf,discrete,7,DF-PC (Pure),0.42553191489361697,0.8333333333333334,0.2857142857142857,54.0,978,438,3,438,540,0.060759544372558594,0.053465843200683594,0.007293701171875
30,5000,6,sf,discrete,8,DF-PC (Pure),0.28865979381443296,0.7,0.18181818181818182,69.0,1089,438,3,438,651,0.10785317420959473,0.09276342391967773,0.015089750289916992
30,5000,6,sf,discrete,9,DF-PC (Pure),0.4600000000000001,0.92,0.30666666666666664,54.0,991,435,0,435,556,0.09679365158081055,0.08483767509460449,0.011955976486206055
30,5000,6,sf,discrete,10,DF-PC (Pure),0.38461538461538464,0.7407407407407407,0.2597402597402597,64.0,995,438,3,438,557,0.10206007957458496,0.08991622924804688,0.012143850326538086
30,5000,6,sf,discrete,11,DF-PC (Pure),0.4222222222222223,0.8636363636363636,0.27941176470588236,52.0,994,435,0,435,559,0.10107588768005371,0.08895659446716309,0.012119293212890625
30,5000,6,sf,discrete,12,DF-PC (Pure),0.3434343434343434,0.7083333333333334,0.22666666666666666,65.0,1027,438,3,438,589,0.06008028984069824,0.05251574516296387,0.007564544677734375
30,5000,6,sf,discrete,13,DF-PC (Pure),0.4950495049504951,0.8928571428571429,0.3424657534246575,51.0,1270,438,3,438,832,0.10807466506958008,0.0891563892364502,0.018918275833129883
30,5000,6,sf,discrete,14,DF-PC (Pure),0.40860215053763443,0.95,0.2602739726027397,55.0,954,444,9,444,510,0.09824252128601074,0.0866386890411377,0.011603832244873047
30,5000,6,sf,discrete,15,DF-PC (Pure),0.5052631578947369,0.9230769230769231,0.34782608695652173,47.0,1063,438,3,438,625,0.10472583770751953,0.09148240089416504,0.013243436813354492
30,5000,6,sf,discrete,16,DF-PC (Pure),0.38,0.7307692307692307,0.25675675675675674,62.0,1110,438,3,438,672,0.10909080505371094,0.09443259239196777,0.014658212661743164
30,5000,6,sf,discrete,17,DF-PC (Pure),0.4356435643564356,0.9166666666666666,0.2857142857142857,57.0,984,438,3,438,546,0.0634458065032959,0.05609011650085449,0.007355690002441406
30,5000,6,sf,discrete,18,DF-PC (Pure),0.3516483516483517,0.9411764705882353,0.21621621621621623,59.0,919,438,3,438,481,0.06034588813781738,0.053731441497802734,0.0066144466400146484
30,5000,6,sf,discrete,19,DF-PC (Pure),0.36363636363636365,0.9,0.22784810126582278,63.0,1012,435,0,435,577,0.06254053115844727,0.05459761619567871,0.007942914962768555
30,5000,6,sf,discrete,20,DF-PC (Pure),0.3061224489795919,0.75,0.19230769230769232,68.0,1012,438,3,438,574,0.05998659133911133,0.052695274353027344,0.007291316986083984
30,5000,6,sf,discrete,21,DF-PC (Pure),0.42,0.8076923076923077,0.28378378378378377,58.0,998,438,3,438,560,0.061614274978637695,0.05389714241027832,0.007717132568359375
30,5000,6,sf,discrete,22,DF-PC (Pure),0.41904761904761906,0.88,0.275,61.0,1044,441,6,441,603,0.06121230125427246,0.053308725357055664,0.007903575897216797
30,5000,6,sf,discrete,23,DF-PC (Pure),0.37362637362637363,1.0,0.22972972972972974,57.0,916,438,3,438,478,0.054471492767333984,0.04828524589538574,0.006186246871948242
30,5000,6,sf,discrete,24,DF-PC (Pure),0.4271844660194175,0.8148148148148148,0.2894736842105263,59.0,1000,438,3,438,562,0.055027008056640625,0.0483250617980957,0.006701946258544922
30,5000,6,sf,discrete,25,DF-PC (Pure),0.27586206896551724,0.75,0.16901408450704225,63.0,921,438,3,438,483,0.05881500244140625,0.05228137969970703,0.006533622741699219
30,5000,6,sf,discrete,26,DF-PC (Pure),0.4081632653061224,1.0,0.2564102564102564,58.0,933,440,5,440,493,0.05474138259887695,0.048485755920410156,0.006255626678466797
30,5000,6,sf,discrete,27,DF-PC (Pure),0.36170212765957444,0.8095238095238095,0.2328767123287671,60.0,964,435,0,435,529,0.05272865295410156,0.04644155502319336,0.006287097930908203
30,5000,6,sf,discrete,28,DF-PC (Pure),0.425531914893617,0.9523809523809523,0.273972602739726,54.0,922,438,3,438,484,0.05335879325866699,0.04725217819213867,0.00610661506652832
30,5000,6,sf,discrete,29,DF-PC (Pure),0.2736842105263158,0.7222222222222222,0.16883116883116883,69.0,965,435,0,435,530,0.05266070365905762,0.04622530937194824,0.006435394287109375
